timestamp,channel 1,channel 2,channel 3,channel 4
25/10/21 17:17:26,>Range,>Range,10979.5,>Range
25/10/21 17:17:27,>Range,>Range,10966.2,>Range
25/10/21 17:17:28,>Range,>Range,10971.4,>Range
25/10/21 17:17:29,>Range,>Range,10968.2,>Range
25/10/21 17:17:30,>Range,>Range,10962.5,>Range
25/10/21 17:17:31,>Range,>Range,10959.7,>Range
25/10/21 17:17:32,>Range,>Range,10947.9,>Range
25/10/21 17:17:33,>Range,>Range,10941.6,>Range
25/10/21 17:17:34,>Range,>Range,10936.5,>Range
25/10/21 17:17:35,>Range,>Range,10945.7,>Range
25/10/21 17:17:36,>Range,>Range,10957.4,>Range
25/10/21 17:17:37,>Range,>Range,10966.8,>Range
25/10/21 17:17:38,>Range,>Range,10965.5,>Range
25/10/21 17:17:39,>Range,>Range,10966.2,>Range
25/10/21 17:17:40,>Range,>Range,10971.4,>Range
25/10/21 17:17:41,>Range,>Range,10966.2,>Range
25/10/21 17:17:42,>Range,>Range,10964.8,>Range
25/10/21 17:17:43,>Range,>Range,10964.7,>Range
25/10/21 17:17:44,>Range,>Range,10978.9,>Range
25/10/21 17:17:45,>Range,>Range,10977.1,>Range
25/10/21 17:17:46,>Range,>Range,10972.4,>Range
25/10/21 17:17:47,>Range,>Range,10970.9,>Range
25/10/21 17:17:48,>Range,>Range,10941.8,>Range
25/10/21 17:17:49,>Range,>Range,10930.8,>Range
25/10/21 17:17:50,>Range,>Range,10935.5,>Range
25/10/21 17:17:51,>Range,>Range,10937.3,>Range
25/10/21 17:17:52,>Range,>Range,10941.5,>Range
25/10/21 17:17:53,>Range,>Range,10940.6,>Range
25/10/21 17:17:54,>Range,>Range,10939.4,>Range
25/10/21 17:17:55,>Range,>Range,10942.6,>Range
25/10/21 17:17:56,>Range,>Range,10941.3,>Range
25/10/21 17:17:57,>Range,>Range,10948.6,>Range
25/10/21 17:17:58,>Range,>Range,10947.8,>Range
25/10/21 17:17:59,>Range,>Range,10946.2,>Range
25/10/21 17:18:00,>Range,>Range,10932.1,>Range
25/10/21 17:18:01,>Range,>Range,10926.1,>Range
25/10/21 17:18:02,>Range,>Range,10938.7,>Range
25/10/21 17:18:03,>Range,>Range,10943.6,>Range
25/10/21 17:18:04,>Range,>Range,10955.7,>Range
25/10/21 17:18:05,>Range,>Range,10962.3,>Range
25/10/21 17:18:06,>Range,>Range,10969.9,>Range
25/10/21 17:18:07,>Range,>Range,10987.2,>Range
25/10/21 17:18:08,>Range,>Range,11002,>Range
25/10/21 17:18:09,>Range,>Range,11010.7,>Range
25/10/21 17:18:10,>Range,>Range,11006.5,>Range
25/10/21 17:18:11,>Range,>Range,11000.7,>Range
25/10/21 17:18:12,>Range,>Range,11006.7,>Range
25/10/21 17:18:13,>Range,>Range,11003.5,>Range
25/10/21 17:18:14,>Range,>Range,10994,>Range
25/10/21 17:18:15,>Range,>Range,10977.6,>Range
25/10/21 17:18:16,>Range,>Range,10972.5,>Range
25/10/21 17:18:17,>Range,>Range,10970.7,>Range
25/10/21 17:18:18,>Range,>Range,10973.9,>Range
25/10/21 17:18:19,>Range,>Range,10970.3,>Range
25/10/21 17:18:20,>Range,>Range,10965.7,>Range
25/10/21 17:18:21,>Range,>Range,10967.6,>Range
25/10/21 17:18:22,>Range,>Range,10975.9,>Range
25/10/21 17:18:23,>Range,>Range,10982.4,>Range
25/10/21 17:18:24,>Range,>Range,10992.7,>Range
25/10/21 17:18:25,>Range,>Range,10990.4,>Range
25/10/21 17:18:26,>Range,>Range,10985.7,>Range
25/10/21 17:18:27,>Range,>Range,10982.9,>Range
25/10/21 17:18:28,>Range,>Range,10974.6,>Range
25/10/21 17:18:29,>Range,>Range,10972.8,>Range
25/10/21 17:18:30,>Range,>Range,10958.6,>Range
25/10/21 17:18:31,>Range,>Range,10948.5,>Range
25/10/21 17:18:32,>Range,>Range,10948.4,>Range
25/10/21 17:18:33,>Range,>Range,10943,>Range
25/10/21 17:18:34,>Range,>Range,10941.8,>Range
25/10/21 17:18:35,>Range,>Range,10942.5,>Range
25/10/21 17:18:36,>Range,>Range,10949.9,>Range
25/10/21 17:18:37,>Range,>Range,10964.5,>Range
25/10/21 17:18:38,>Range,>Range,10973.1,>Range
25/10/21 17:18:39,>Range,>Range,10993.8,>Range
25/10/21 17:18:40,>Range,>Range,11005.6,>Range
25/10/21 17:18:41,>Range,>Range,11012.8,>Range
25/10/21 17:18:42,>Range,>Range,11005.1,>Range
25/10/21 17:18:43,>Range,>Range,10999.6,>Range
25/10/21 17:18:44,>Range,>Range,10990.3,>Range
25/10/21 17:18:45,>Range,>Range,11002.2,>Range
25/10/21 17:18:46,>Range,>Range,11022.1,>Range
25/10/21 17:18:47,>Range,>Range,11034,>Range
25/10/21 17:18:48,>Range,>Range,11032.8,>Range
25/10/21 17:18:49,>Range,>Range,11007.3,>Range
25/10/21 17:18:50,>Range,>Range,10999.4,>Range
25/10/21 17:18:51,>Range,>Range,10999.5,>Range
25/10/21 17:18:52,>Range,>Range,11001.9,>Range
25/10/21 17:18:53,>Range,>Range,11009,>Range
25/10/21 17:18:54,>Range,>Range,10999.6,>Range
25/10/21 17:18:55,>Range,>Range,10986.4,>Range
25/10/21 17:18:56,>Range,>Range,10983.9,>Range
25/10/21 17:18:57,>Range,>Range,10978.6,>Range
25/10/21 17:18:58,>Range,>Range,10992.4,>Range
25/10/21 17:18:59,>Range,>Range,11008.5,>Range
25/10/21 17:19:00,>Range,>Range,11012.3,>Range
25/10/21 17:19:01,>Range,>Range,11014.9,>Range
25/10/21 17:19:02,>Range,>Range,11016,>Range
25/10/21 17:19:03,>Range,>Range,11008.4,>Range
25/10/21 17:19:04,>Range,>Range,11004.4,>Range
25/10/21 17:19:05,>Range,>Range,11024.9,>Range
25/10/21 17:19:06,>Range,>Range,11021.6,>Range
25/10/21 17:19:07,>Range,>Range,11006.8,>Range
25/10/21 17:19:08,>Range,>Range,11000.6,>Range
25/10/21 17:19:09,>Range,>Range,10999.5,>Range
25/10/21 17:19:10,>Range,>Range,11007.1,>Range
25/10/21 17:19:11,>Range,>Range,11008.3,>Range
25/10/21 17:19:12,>Range,>Range,11006.9,>Range
25/10/21 17:19:13,>Range,>Range,11005.4,>Range
25/10/21 17:19:14,>Range,>Range,10998.1,>Range
25/10/21 17:19:15,>Range,>Range,10994.7,>Range
25/10/21 17:19:16,>Range,>Range,10996.3,>Range
25/10/21 17:19:17,>Range,>Range,11001.4,>Range
25/10/21 17:19:18,>Range,>Range,10990.8,>Range
25/10/21 17:19:19,>Range,>Range,10996.3,>Range
25/10/21 17:19:20,>Range,>Range,11013.7,>Range
25/10/21 17:19:21,>Range,>Range,11014.6,>Range
25/10/21 17:19:22,>Range,>Range,11019.9,>Range
25/10/21 17:19:23,>Range,>Range,11021.5,>Range
25/10/21 17:19:24,>Range,>Range,11016.5,>Range
25/10/21 17:19:25,>Range,>Range,11002,>Range
25/10/21 17:19:26,>Range,>Range,11005.4,>Range
25/10/21 17:19:27,>Range,>Range,11014.3,>Range
25/10/21 17:19:28,>Range,>Range,11019.8,>Range
25/10/21 17:19:29,>Range,>Range,11023.9,>Range
25/10/21 17:19:30,>Range,>Range,11030.9,>Range
25/10/21 17:19:31,>Range,>Range,11036.2,>Range
25/10/21 17:19:32,>Range,>Range,11025.9,>Range
25/10/21 17:19:33,>Range,>Range,11020.8,>Range
25/10/21 17:19:34,>Range,>Range,11013.4,>Range
25/10/21 17:19:35,>Range,>Range,11011.9,>Range
25/10/21 17:19:36,>Range,>Range,11007.3,>Range
25/10/21 17:19:37,>Range,>Range,11002.6,>Range
25/10/21 17:19:38,>Range,>Range,11004.3,>Range
25/10/21 17:19:39,>Range,>Range,11012.3,>Range
25/10/21 17:19:40,>Range,>Range,11015.8,>Range
25/10/21 17:19:41,>Range,>Range,11010,>Range
25/10/21 17:19:42,>Range,>Range,11006.1,>Range
25/10/21 17:19:43,>Range,>Range,11016.3,>Range
25/10/21 17:19:44,>Range,>Range,11027.1,>Range
25/10/21 17:19:45,>Range,>Range,11021.6,>Range
25/10/21 17:19:46,>Range,>Range,11001.7,>Range
25/10/21 17:19:47,>Range,>Range,10976.7,>Range
25/10/21 17:19:48,>Range,>Range,10952.1,>Range
25/10/21 17:19:49,>Range,>Range,10951.2,>Range
25/10/21 17:19:50,>Range,>Range,10972.8,>Range
25/10/21 17:19:51,>Range,>Range,10989.9,>Range
25/10/21 17:19:52,>Range,>Range,10988.6,>Range
25/10/21 17:19:53,>Range,>Range,10975.5,>Range
25/10/21 17:19:54,>Range,>Range,10974.9,>Range
25/10/21 17:19:55,>Range,>Range,10983.9,>Range
25/10/21 17:19:56,>Range,>Range,11002.6,>Range
25/10/21 17:19:57,>Range,>Range,11004.8,>Range
25/10/21 17:19:58,>Range,>Range,11002.4,>Range
25/10/21 17:19:59,>Range,>Range,11004,>Range
25/10/21 17:20:00,>Range,>Range,11003.7,>Range
25/10/21 17:20:01,>Range,>Range,11010.9,>Range
25/10/21 17:20:02,>Range,>Range,10999.4,>Range
25/10/21 17:20:03,>Range,>Range,10988.7,>Range
25/10/21 17:20:04,>Range,>Range,10973.5,>Range
25/10/21 17:20:05,>Range,>Range,10959.4,>Range
25/10/21 17:20:06,>Range,>Range,10954.5,>Range
25/10/21 17:20:07,>Range,>Range,10966.4,>Range
25/10/21 17:20:08,>Range,>Range,10977.2,>Range
25/10/21 17:20:09,>Range,>Range,10983,>Range
25/10/21 17:20:10,>Range,>Range,11003.6,>Range
25/10/21 17:20:11,>Range,>Range,11001.5,>Range
25/10/21 17:20:12,>Range,>Range,10987.2,>Range
25/10/21 17:20:13,>Range,>Range,10982.8,>Range
25/10/21 17:20:14,>Range,>Range,10982.7,>Range
25/10/21 17:20:15,>Range,>Range,10977.6,>Range
25/10/21 17:20:16,>Range,>Range,10986.4,>Range
25/10/21 17:20:17,>Range,>Range,10988.9,>Range
25/10/21 17:20:18,>Range,>Range,10987.3,>Range
25/10/21 17:20:19,>Range,>Range,10986.8,>Range
25/10/21 17:20:20,>Range,>Range,10972,>Range
25/10/21 17:20:21,>Range,>Range,10961.9,>Range
25/10/21 17:20:22,>Range,>Range,10964.9,>Range
25/10/21 17:20:23,>Range,>Range,10963.5,>Range
25/10/21 17:20:24,>Range,>Range,10959.3,>Range
25/10/21 17:20:25,>Range,>Range,10969.7,>Range
25/10/21 17:20:26,>Range,>Range,10977.9,>Range
25/10/21 17:20:27,>Range,>Range,10977.8,>Range
25/10/21 17:20:28,>Range,>Range,10976.4,>Range
25/10/21 17:20:29,>Range,>Range,10970.8,>Range
25/10/21 17:20:30,>Range,>Range,10964.7,>Range
25/10/21 17:20:31,>Range,>Range,10957.6,>Range
25/10/21 17:20:32,>Range,>Range,10956.6,>Range
25/10/21 17:20:33,>Range,>Range,10949.6,>Range
25/10/21 17:20:34,>Range,>Range,10942.5,>Range
25/10/21 17:20:35,>Range,>Range,10942,>Range
25/10/21 17:20:36,>Range,>Range,10945.5,>Range
25/10/21 17:20:37,>Range,>Range,10950.4,>Range
25/10/21 17:20:38,>Range,>Range,10958.3,>Range
25/10/21 17:20:39,>Range,>Range,10959.1,>Range
25/10/21 17:20:40,>Range,>Range,10963,>Range
25/10/21 17:20:41,>Range,>Range,10981.5,>Range
25/10/21 17:20:42,>Range,>Range,10984.8,>Range
25/10/21 17:20:43,>Range,>Range,10988,>Range
25/10/21 17:20:44,>Range,>Range,10973.6,>Range
25/10/21 17:20:45,>Range,>Range,10956.2,>Range
25/10/21 17:20:46,>Range,>Range,10955.1,>Range
25/10/21 17:20:47,>Range,>Range,10954,>Range
25/10/21 17:20:48,>Range,>Range,10954,>Range
25/10/21 17:20:49,>Range,>Range,10945.7,>Range
25/10/21 17:20:50,>Range,>Range,10940.4,>Range
25/10/21 17:20:51,>Range,>Range,10944,>Range
25/10/21 17:20:52,>Range,>Range,10941.3,>Range
25/10/21 17:20:53,>Range,>Range,10947.2,>Range
25/10/21 17:20:54,>Range,>Range,10956.7,>Range
25/10/21 17:20:55,>Range,>Range,10977.5,>Range
25/10/21 17:20:56,>Range,>Range,10985.8,>Range
25/10/21 17:20:57,>Range,>Range,10987.6,>Range
25/10/21 17:20:58,>Range,>Range,10985.8,>Range
25/10/21 17:20:59,>Range,>Range,10970.4,>Range
25/10/21 17:21:00,>Range,>Range,10971.9,>Range
25/10/21 17:21:01,>Range,>Range,10963.3,>Range
25/10/21 17:21:02,>Range,>Range,10966,>Range
25/10/21 17:21:03,>Range,>Range,10953.8,>Range
25/10/21 17:21:04,>Range,>Range,10951.5,>Range
25/10/21 17:21:05,>Range,>Range,10959.1,>Range
25/10/21 17:21:06,>Range,>Range,10948.9,>Range
25/10/21 17:21:07,>Range,>Range,10936.4,>Range
25/10/21 17:21:08,>Range,>Range,10951.1,>Range
25/10/21 17:21:09,>Range,>Range,10968.8,>Range
25/10/21 17:21:10,>Range,>Range,10968,>Range
25/10/21 17:21:11,>Range,>Range,10961.1,>Range
25/10/21 17:21:12,>Range,>Range,10964.9,>Range
25/10/21 17:21:13,>Range,>Range,10968.7,>Range
25/10/21 17:21:14,>Range,>Range,10970.7,>Range
25/10/21 17:21:15,>Range,>Range,10968.9,>Range
25/10/21 17:21:16,>Range,>Range,10969.2,>Range
25/10/21 17:21:17,>Range,>Range,10968.4,>Range
25/10/21 17:21:18,>Range,>Range,10963.1,>Range
25/10/21 17:21:19,>Range,>Range,10943,>Range
25/10/21 17:21:20,>Range,>Range,10930.8,>Range
25/10/21 17:21:21,>Range,>Range,10933.9,>Range
25/10/21 17:21:22,>Range,>Range,10946.8,>Range
25/10/21 17:21:23,>Range,>Range,10953.7,>Range
25/10/21 17:21:24,>Range,>Range,10951.4,>Range
25/10/21 17:21:25,>Range,>Range,10954.3,>Range
25/10/21 17:21:26,>Range,>Range,10947.3,>Range
25/10/21 17:21:27,>Range,>Range,10937.3,>Range
25/10/21 17:21:28,>Range,>Range,10940.4,>Range
25/10/21 17:21:29,>Range,>Range,10946.6,>Range
25/10/21 17:21:30,>Range,>Range,10943,>Range
25/10/21 17:21:31,>Range,>Range,10953.3,>Range
25/10/21 17:21:32,>Range,>Range,10962.2,>Range
25/10/21 17:21:33,>Range,>Range,10965.6,>Range
25/10/21 17:21:34,>Range,>Range,10972.8,>Range
25/10/21 17:21:35,>Range,>Range,10970,>Range
25/10/21 17:21:36,>Range,>Range,10960.2,>Range
25/10/21 17:21:37,>Range,>Range,10954.6,>Range
25/10/21 17:21:38,>Range,>Range,10952.7,>Range
25/10/21 17:21:39,>Range,>Range,10959.5,>Range
25/10/21 17:21:40,>Range,>Range,10954.7,>Range
25/10/21 17:21:41,>Range,>Range,10960,>Range
25/10/21 17:21:42,>Range,>Range,10965.5,>Range
25/10/21 17:21:43,>Range,>Range,10972.6,>Range
25/10/21 17:21:44,>Range,>Range,10985.1,>Range
25/10/21 17:21:45,>Range,>Range,10981.9,>Range
25/10/21 17:21:46,>Range,>Range,10990.7,>Range
25/10/21 17:21:47,>Range,>Range,11004,>Range
25/10/21 17:21:48,>Range,>Range,11003.6,>Range
25/10/21 17:21:49,>Range,>Range,10997.8,>Range
25/10/21 17:21:50,>Range,>Range,10973.6,>Range
25/10/21 17:21:51,>Range,>Range,10956.9,>Range
25/10/21 17:21:52,>Range,>Range,10945.5,>Range
25/10/21 17:21:53,>Range,>Range,10951,>Range
25/10/21 17:21:54,>Range,>Range,10956.7,>Range
25/10/21 17:21:55,>Range,>Range,10957.2,>Range
25/10/21 17:21:56,>Range,>Range,10960.7,>Range
25/10/21 17:21:57,>Range,>Range,10971.6,>Range
25/10/21 17:21:58,>Range,>Range,10984.9,>Range
25/10/21 17:21:59,>Range,>Range,10981,>Range
25/10/21 17:22:00,>Range,>Range,10987.7,>Range
25/10/21 17:22:01,>Range,>Range,10988.9,>Range
25/10/21 17:22:02,>Range,>Range,10989.2,>Range
25/10/21 17:22:03,>Range,>Range,10979.9,>Range
25/10/21 17:22:04,>Range,>Range,10985.5,>Range
25/10/21 17:22:05,>Range,>Range,10984.4,>Range
25/10/21 17:22:06,>Range,>Range,10982.3,>Range
25/10/21 17:22:07,>Range,>Range,10953.5,>Range
25/10/21 17:22:08,>Range,>Range,10932.3,>Range
25/10/21 17:22:09,>Range,>Range,10935.8,>Range
25/10/21 17:22:10,>Range,>Range,10939.9,>Range
25/10/21 17:22:11,>Range,>Range,10948,>Range
25/10/21 17:22:12,>Range,>Range,10959.8,>Range
25/10/21 17:22:13,>Range,>Range,10965.8,>Range
25/10/21 17:22:14,>Range,>Range,10954.7,>Range
25/10/21 17:22:15,>Range,>Range,10957.6,>Range
25/10/21 17:22:16,>Range,>Range,10963.9,>Range
25/10/21 17:22:17,>Range,>Range,10960.7,>Range
25/10/21 17:22:18,>Range,>Range,10962.3,>Range
25/10/21 17:22:19,>Range,>Range,10965.6,>Range
25/10/21 17:22:20,>Range,>Range,10963.1,>Range
25/10/21 17:22:21,>Range,>Range,10956,>Range
25/10/21 17:22:22,>Range,>Range,10961.3,>Range
25/10/21 17:22:23,>Range,>Range,10968.9,>Range
25/10/21 17:22:24,>Range,>Range,10978.2,>Range
25/10/21 17:22:25,>Range,>Range,10972,>Range
25/10/21 17:22:26,>Range,>Range,10958.6,>Range
25/10/21 17:22:27,>Range,>Range,10957.1,>Range
25/10/21 17:22:28,>Range,>Range,10971.5,>Range
25/10/21 17:22:29,>Range,>Range,10978.6,>Range
25/10/21 17:22:30,>Range,>Range,10970,>Range
25/10/21 17:22:31,>Range,>Range,10977.7,>Range
25/10/21 17:22:32,>Range,>Range,10976.3,>Range
25/10/21 17:22:33,>Range,>Range,10976.4,>Range
25/10/21 17:22:34,>Range,>Range,10966.3,>Range
25/10/21 17:22:35,>Range,>Range,10962.6,>Range
25/10/21 17:22:36,>Range,>Range,10958.6,>Range
25/10/21 17:22:37,>Range,>Range,10951.9,>Range
25/10/21 17:22:38,>Range,>Range,10941.1,>Range
25/10/21 17:22:39,>Range,>Range,10947.1,>Range
25/10/21 17:22:40,>Range,>Range,10957.8,>Range
25/10/21 17:22:41,>Range,>Range,10955.1,>Range
25/10/21 17:22:42,>Range,>Range,10945.5,>Range
25/10/21 17:22:43,>Range,>Range,10938.6,>Range
25/10/21 17:22:44,>Range,>Range,10938.3,>Range
25/10/21 17:22:45,>Range,>Range,10937.7,>Range
25/10/21 17:22:46,>Range,>Range,10935.7,>Range
25/10/21 17:22:47,>Range,>Range,10939.5,>Range
25/10/21 17:22:48,>Range,>Range,10939.7,>Range
25/10/21 17:22:49,>Range,>Range,10938.2,>Range
25/10/21 17:22:50,>Range,>Range,10947.2,>Range
25/10/21 17:22:51,>Range,>Range,10948.7,>Range
25/10/21 17:22:52,>Range,>Range,10949,>Range
25/10/21 17:22:53,>Range,>Range,10946.3,>Range
25/10/21 17:22:54,>Range,>Range,10951.2,>Range
25/10/21 17:22:55,>Range,>Range,10958.1,>Range
25/10/21 17:22:56,>Range,>Range,10952.2,>Range
25/10/21 17:22:57,>Range,>Range,10941.7,>Range
25/10/21 17:22:58,>Range,>Range,10940.5,>Range
25/10/21 17:22:59,>Range,>Range,10947.2,>Range
25/10/21 17:23:00,>Range,>Range,10942.4,>Range
25/10/21 17:23:01,>Range,>Range,10926.4,>Range
25/10/21 17:23:02,>Range,>Range,10908.5,>Range
25/10/21 17:23:03,>Range,>Range,10918.3,>Range
25/10/21 17:23:04,>Range,>Range,10931.8,>Range
25/10/21 17:23:05,>Range,>Range,10939,>Range
25/10/21 17:23:06,>Range,>Range,10931.9,>Range
25/10/21 17:23:07,>Range,>Range,10921.3,>Range
25/10/21 17:23:08,>Range,>Range,10925.3,>Range
25/10/21 17:23:09,>Range,>Range,10931.1,>Range
25/10/21 17:23:10,>Range,>Range,10927.6,>Range
25/10/21 17:23:11,>Range,>Range,10929.3,>Range
25/10/21 17:23:12,>Range,>Range,10937.2,>Range
25/10/21 17:23:13,>Range,>Range,10951.3,>Range
25/10/21 17:23:14,>Range,>Range,10963,>Range
25/10/21 17:23:15,>Range,>Range,10954.1,>Range
25/10/21 17:23:16,>Range,>Range,10942.8,>Range
25/10/21 17:23:17,>Range,>Range,10933.2,>Range
25/10/21 17:23:18,>Range,>Range,10927.9,>Range
25/10/21 17:23:19,>Range,>Range,10930.9,>Range
25/10/21 17:23:20,>Range,>Range,10925.7,>Range
25/10/21 17:23:21,>Range,>Range,10918.5,>Range
25/10/21 17:23:22,>Range,>Range,10928.2,>Range
25/10/21 17:23:23,>Range,>Range,10944.1,>Range
25/10/21 17:23:24,>Range,>Range,10945.8,>Range
25/10/21 17:23:25,>Range,>Range,10927.4,>Range
25/10/21 17:23:26,>Range,>Range,10923.8,>Range
25/10/21 17:23:27,>Range,>Range,10920.2,>Range
25/10/21 17:23:28,>Range,>Range,10917.1,>Range
25/10/21 17:23:29,>Range,>Range,10918.6,>Range
25/10/21 17:23:30,>Range,>Range,10938.6,>Range
25/10/21 17:23:31,>Range,>Range,10950.3,>Range
25/10/21 17:23:32,>Range,>Range,10956.8,>Range
25/10/21 17:23:33,>Range,>Range,10957.2,>Range
25/10/21 17:23:34,>Range,>Range,10971.3,>Range
25/10/21 17:23:35,>Range,>Range,10983.9,>Range
25/10/21 17:23:36,>Range,>Range,10980.7,>Range
25/10/21 17:23:37,>Range,>Range,10966.9,>Range
25/10/21 17:23:38,>Range,>Range,10960.1,>Range
25/10/21 17:23:39,>Range,>Range,10958.3,>Range
25/10/21 17:23:40,>Range,>Range,10967.2,>Range
25/10/21 17:23:41,>Range,>Range,10963.6,>Range
25/10/21 17:23:42,>Range,>Range,10954.5,>Range
25/10/21 17:23:43,>Range,>Range,10948,>Range
25/10/21 17:23:44,>Range,>Range,10944.9,>Range
25/10/21 17:23:45,>Range,>Range,10938.6,>Range
25/10/21 17:23:46,>Range,>Range,10933.8,>Range
25/10/21 17:23:47,>Range,>Range,10928.7,>Range
25/10/21 17:23:48,>Range,>Range,10932.4,>Range
25/10/21 17:23:49,>Range,>Range,10941.3,>Range
25/10/21 17:23:50,>Range,>Range,10948.9,>Range
25/10/21 17:23:51,>Range,>Range,10946.9,>Range
25/10/21 17:23:52,>Range,>Range,10952.9,>Range
25/10/21 17:23:53,>Range,>Range,10961.5,>Range
25/10/21 17:23:54,>Range,>Range,10961.6,>Range
25/10/21 17:23:55,>Range,>Range,10963,>Range
25/10/21 17:23:56,>Range,>Range,10973.1,>Range
25/10/21 17:23:57,>Range,>Range,10974.2,>Range
25/10/21 17:23:58,>Range,>Range,10969.6,>Range
25/10/21 17:23:59,>Range,>Range,10966.4,>Range
25/10/21 17:24:00,>Range,>Range,10967,>Range
25/10/21 17:24:01,>Range,>Range,10961.2,>Range
25/10/21 17:24:02,>Range,>Range,10950.3,>Range
25/10/21 17:24:03,>Range,>Range,10945.5,>Range
25/10/21 17:24:04,>Range,>Range,10929.9,>Range
25/10/21 17:24:05,>Range,>Range,10924.7,>Range
25/10/21 17:24:06,>Range,>Range,10914.6,>Range
25/10/21 17:24:07,>Range,>Range,10924.4,>Range
25/10/21 17:24:08,>Range,>Range,10931.2,>Range
25/10/21 17:24:09,>Range,>Range,10931.7,>Range
25/10/21 17:24:10,>Range,>Range,10934.8,>Range
25/10/21 17:24:11,>Range,>Range,10928.6,>Range
25/10/21 17:24:12,>Range,>Range,10924.6,>Range
25/10/21 17:24:13,>Range,>Range,10919.4,>Range
25/10/21 17:24:14,>Range,>Range,10923.6,>Range
25/10/21 17:24:15,>Range,>Range,10935.5,>Range
25/10/21 17:24:16,>Range,>Range,10945.4,>Range
25/10/21 17:24:17,>Range,>Range,10941.4,>Range
25/10/21 17:24:18,>Range,>Range,10940.4,>Range
25/10/21 17:24:19,>Range,>Range,10956.7,>Range
25/10/21 17:24:20,>Range,>Range,10968.1,>Range
25/10/21 17:24:21,>Range,>Range,10968.8,>Range
25/10/21 17:24:22,>Range,>Range,10963.2,>Range
25/10/21 17:24:23,>Range,>Range,10951.9,>Range
25/10/21 17:24:24,>Range,>Range,10928.3,>Range
25/10/21 17:24:25,>Range,>Range,10924,>Range
25/10/21 17:24:26,>Range,>Range,10935.3,>Range
25/10/21 17:24:27,>Range,>Range,10932,>Range
25/10/21 17:24:28,>Range,>Range,10922.1,>Range
25/10/21 17:24:29,>Range,>Range,10919.3,>Range
25/10/21 17:24:30,>Range,>Range,10925.3,>Range
25/10/21 17:24:31,>Range,>Range,10932.9,>Range
25/10/21 17:24:32,>Range,>Range,10923.5,>Range
25/10/21 17:24:33,>Range,>Range,10913.4,>Range
25/10/21 17:24:34,>Range,>Range,10907.1,>Range
25/10/21 17:24:35,>Range,>Range,10889.6,>Range
25/10/21 17:24:36,>Range,>Range,10873.4,>Range
25/10/21 17:24:37,>Range,>Range,10878.2,>Range
25/10/21 17:24:38,>Range,>Range,10893.1,>Range
25/10/21 17:24:39,>Range,>Range,10894.4,>Range
25/10/21 17:24:40,>Range,>Range,10893,>Range
25/10/21 17:24:41,>Range,>Range,10911.7,>Range
25/10/21 17:24:42,>Range,>Range,10917.2,>Range
25/10/21 17:24:43,>Range,>Range,10909.8,>Range
25/10/21 17:24:44,>Range,>Range,10912,>Range
25/10/21 17:24:45,>Range,>Range,10903.5,>Range
25/10/21 17:24:46,>Range,>Range,10903.4,>Range
25/10/21 17:24:47,>Range,>Range,10911,>Range
25/10/21 17:24:48,>Range,>Range,10919.2,>Range
25/10/21 17:24:49,>Range,>Range,10912,>Range
25/10/21 17:24:50,>Range,>Range,10912.8,>Range
25/10/21 17:24:51,>Range,>Range,10913,>Range
25/10/21 17:24:52,>Range,>Range,10924.3,>Range
25/10/21 17:24:53,>Range,>Range,10939.7,>Range
25/10/21 17:24:54,>Range,>Range,10940.6,>Range
25/10/21 17:24:55,>Range,>Range,10940,>Range
25/10/21 17:24:56,>Range,>Range,10929,>Range
25/10/21 17:24:57,>Range,>Range,10917.5,>Range
25/10/21 17:24:58,>Range,>Range,10895.2,>Range
25/10/21 17:24:59,>Range,>Range,10876.9,>Range
25/10/21 17:25:00,>Range,>Range,10881.3,>Range
25/10/21 17:25:01,>Range,>Range,10878.2,>Range
25/10/21 17:25:02,>Range,>Range,10878.2,>Range
25/10/21 17:25:03,>Range,>Range,10893.8,>Range
25/10/21 17:25:04,>Range,>Range,10916.3,>Range
25/10/21 17:25:05,>Range,>Range,10916.9,>Range
25/10/21 17:25:06,>Range,>Range,10904.2,>Range
25/10/21 17:25:07,>Range,>Range,10902.6,>Range
25/10/21 17:25:08,>Range,>Range,10909.4,>Range
25/10/21 17:25:09,>Range,>Range,10907.2,>Range
25/10/21 17:25:10,>Range,>Range,10901.2,>Range
25/10/21 17:25:11,>Range,>Range,10902.3,>Range
25/10/21 17:25:12,>Range,>Range,10902.6,>Range
25/10/21 17:25:13,>Range,>Range,10899.4,>Range
25/10/21 17:25:14,>Range,>Range,10898.6,>Range
25/10/21 17:25:15,>Range,>Range,10891.2,>Range
25/10/21 17:25:16,>Range,>Range,10902.1,>Range
25/10/21 17:25:17,>Range,>Range,10902.9,>Range
25/10/21 17:25:18,>Range,>Range,10897.5,>Range
25/10/21 17:25:19,>Range,>Range,10894.6,>Range
25/10/21 17:25:20,>Range,>Range,10901.4,>Range
25/10/21 17:25:21,>Range,>Range,10903.9,>Range
25/10/21 17:25:22,>Range,>Range,10902,>Range
25/10/21 17:25:23,>Range,>Range,10890.5,>Range
25/10/21 17:25:24,>Range,>Range,10886.4,>Range
25/10/21 17:25:25,>Range,>Range,10892.9,>Range
25/10/21 17:25:26,>Range,>Range,10873.3,>Range
25/10/21 17:25:27,>Range,>Range,10859.6,>Range
25/10/21 17:25:28,>Range,>Range,10866,>Range
25/10/21 17:25:29,>Range,>Range,10871.5,>Range
25/10/21 17:25:30,>Range,>Range,10877.4,>Range
25/10/21 17:25:31,>Range,>Range,10871.5,>Range
25/10/21 17:25:32,>Range,>Range,10859,>Range
25/10/21 17:25:33,>Range,>Range,10855.3,>Range
25/10/21 17:25:34,>Range,>Range,10868.2,>Range
25/10/21 17:25:35,>Range,>Range,10879.6,>Range
25/10/21 17:25:36,>Range,>Range,10892,>Range
25/10/21 17:25:37,>Range,>Range,10899.9,>Range
25/10/21 17:25:38,>Range,>Range,10897.2,>Range
25/10/21 17:25:39,>Range,>Range,10898.4,>Range
25/10/21 17:25:40,>Range,>Range,10900.6,>Range
25/10/21 17:25:41,>Range,>Range,10895.3,>Range
25/10/21 17:25:42,>Range,>Range,10892.2,>Range
25/10/21 17:25:43,>Range,>Range,10893.6,>Range
25/10/21 17:25:44,>Range,>Range,10880.7,>Range
25/10/21 17:25:45,>Range,>Range,10872.4,>Range
25/10/21 17:25:46,>Range,>Range,10872.9,>Range
25/10/21 17:25:47,>Range,>Range,10877.9,>Range
25/10/21 17:25:48,>Range,>Range,10873,>Range
25/10/21 17:25:49,>Range,>Range,10863.1,>Range
25/10/21 17:25:50,>Range,>Range,10866.6,>Range
25/10/21 17:25:51,>Range,>Range,10864,>Range
25/10/21 17:25:52,>Range,>Range,10870.6,>Range
25/10/21 17:25:53,>Range,>Range,10881.1,>Range
25/10/21 17:25:54,>Range,>Range,10882.5,>Range
25/10/21 17:25:55,>Range,>Range,10880.9,>Range
25/10/21 17:25:56,>Range,>Range,10879.4,>Range
25/10/21 17:25:57,>Range,>Range,10881.7,>Range
25/10/21 17:25:58,>Range,>Range,10899,>Range
25/10/21 17:25:59,>Range,>Range,10907.3,>Range
25/10/21 17:26:00,>Range,>Range,10884.5,>Range
25/10/21 17:26:01,>Range,>Range,10878.2,>Range
25/10/21 17:26:02,>Range,>Range,10876.4,>Range
25/10/21 17:26:03,>Range,>Range,10882.7,>Range
25/10/21 17:26:04,>Range,>Range,10877.9,>Range
25/10/21 17:26:05,>Range,>Range,10883.7,>Range
25/10/21 17:26:06,>Range,>Range,10881.1,>Range
25/10/21 17:26:07,>Range,>Range,10874.7,>Range
25/10/21 17:26:08,>Range,>Range,10868,>Range
25/10/21 17:26:09,>Range,>Range,10861.5,>Range
25/10/21 17:26:10,>Range,>Range,10862.3,>Range
25/10/21 17:26:11,>Range,>Range,10867.7,>Range
25/10/21 17:26:12,>Range,>Range,10870.3,>Range
25/10/21 17:26:13,>Range,>Range,10878.3,>Range
25/10/21 17:26:14,>Range,>Range,10865.1,>Range
25/10/21 17:26:15,>Range,>Range,10840.3,>Range
25/10/21 17:26:16,>Range,>Range,10836.1,>Range
25/10/21 17:26:17,>Range,>Range,10843.9,>Range
25/10/21 17:26:18,>Range,>Range,10854.2,>Range
25/10/21 17:26:19,>Range,>Range,10862.5,>Range
25/10/21 17:26:20,>Range,>Range,10867.7,>Range
25/10/21 17:26:21,>Range,>Range,10871.1,>Range
25/10/21 17:26:22,>Range,>Range,10865.8,>Range
25/10/21 17:26:23,>Range,>Range,10856.8,>Range
25/10/21 17:26:24,>Range,>Range,10835.4,>Range
25/10/21 17:26:25,>Range,>Range,10810.3,>Range
25/10/21 17:26:26,>Range,>Range,10827.4,>Range
25/10/21 17:26:27,>Range,>Range,10836,>Range
25/10/21 17:26:28,>Range,>Range,10847.4,>Range
25/10/21 17:26:29,>Range,>Range,10849,>Range
25/10/21 17:26:30,>Range,>Range,10861,>Range
25/10/21 17:26:31,>Range,>Range,10862.8,>Range
25/10/21 17:26:32,>Range,>Range,10858.1,>Range
25/10/21 17:26:33,>Range,>Range,10864.8,>Range
25/10/21 17:26:34,>Range,>Range,10867.6,>Range
25/10/21 17:26:35,>Range,>Range,10850.2,>Range
25/10/21 17:26:36,>Range,>Range,10841.6,>Range
25/10/21 17:26:37,>Range,>Range,10847.9,>Range
25/10/21 17:26:38,>Range,>Range,10867.4,>Range
25/10/21 17:26:39,>Range,>Range,10870.8,>Range
25/10/21 17:26:40,>Range,>Range,10864.6,>Range
25/10/21 17:26:41,>Range,>Range,10858.8,>Range
25/10/21 17:26:42,>Range,>Range,10857.2,>Range
25/10/21 17:26:43,>Range,>Range,10856.9,>Range
25/10/21 17:26:44,>Range,>Range,10844.5,>Range
25/10/21 17:26:45,>Range,>Range,10845.1,>Range
25/10/21 17:26:46,>Range,>Range,10847.9,>Range
25/10/21 17:26:47,>Range,>Range,10851.9,>Range
25/10/21 17:26:48,>Range,>Range,10861.2,>Range
25/10/21 17:26:49,>Range,>Range,10859.4,>Range
25/10/21 17:26:50,>Range,>Range,10857,>Range
25/10/21 17:26:51,>Range,>Range,10858.9,>Range
25/10/21 17:26:52,>Range,>Range,10860.5,>Range
25/10/21 17:26:53,>Range,>Range,10856.2,>Range
25/10/21 17:26:54,>Range,>Range,10846.9,>Range
25/10/21 17:26:55,>Range,>Range,10858.3,>Range
25/10/21 17:26:56,>Range,>Range,10865.5,>Range
25/10/21 17:26:57,>Range,>Range,10866.7,>Range
25/10/21 17:26:58,>Range,>Range,10869.6,>Range
25/10/21 17:26:59,>Range,>Range,10876.9,>Range
25/10/21 17:27:00,>Range,>Range,10867.7,>Range
25/10/21 17:27:01,>Range,>Range,10873,>Range
25/10/21 17:27:02,>Range,>Range,10883,>Range
25/10/21 17:27:03,>Range,>Range,10884,>Range
25/10/21 17:27:04,>Range,>Range,10858.9,>Range
25/10/21 17:27:05,>Range,>Range,10841.5,>Range
25/10/21 17:27:06,>Range,>Range,10848.4,>Range
25/10/21 17:27:07,>Range,>Range,10843.3,>Range
25/10/21 17:27:08,>Range,>Range,10838.3,>Range
25/10/21 17:27:09,>Range,>Range,10849.8,>Range
25/10/21 17:27:10,>Range,>Range,10867.6,>Range
25/10/21 17:27:11,>Range,>Range,10886.3,>Range
25/10/21 17:27:12,>Range,>Range,10885.4,>Range
25/10/21 17:27:13,>Range,>Range,10863.7,>Range
25/10/21 17:27:14,>Range,>Range,10851.4,>Range
25/10/21 17:27:15,>Range,>Range,10846.1,>Range
25/10/21 17:27:16,>Range,>Range,10842.6,>Range
25/10/21 17:27:17,>Range,>Range,10841.8,>Range
25/10/21 17:27:18,>Range,>Range,10834.8,>Range
25/10/21 17:27:19,>Range,>Range,10829.3,>Range
25/10/21 17:27:20,>Range,>Range,10824.8,>Range
25/10/21 17:27:21,>Range,>Range,10827.9,>Range
25/10/21 17:27:22,>Range,>Range,10819.4,>Range
25/10/21 17:27:23,>Range,>Range,10819.4,>Range
25/10/21 17:27:24,>Range,>Range,10826.2,>Range
25/10/21 17:27:25,>Range,>Range,10843.3,>Range
25/10/21 17:27:26,>Range,>Range,10850.9,>Range
25/10/21 17:27:27,>Range,>Range,10849.1,>Range
25/10/21 17:27:28,>Range,>Range,10832.4,>Range
25/10/21 17:27:29,>Range,>Range,10826.9,>Range
25/10/21 17:27:30,>Range,>Range,10827.8,>Range
25/10/21 17:27:31,>Range,>Range,10838.7,>Range
25/10/21 17:27:32,>Range,>Range,10840.1,>Range
25/10/21 17:27:33,>Range,>Range,10852.6,>Range
25/10/21 17:27:34,>Range,>Range,10861.6,>Range
25/10/21 17:27:35,>Range,>Range,10865.6,>Range
25/10/21 17:27:36,>Range,>Range,10868.9,>Range
25/10/21 17:27:37,>Range,>Range,10871.3,>Range
25/10/21 17:27:38,>Range,>Range,10867.9,>Range
25/10/21 17:27:39,>Range,>Range,10870,>Range
25/10/21 17:27:40,>Range,>Range,10875.9,>Range
25/10/21 17:27:41,>Range,>Range,10884.5,>Range
25/10/21 17:27:42,>Range,>Range,10880,>Range
25/10/21 17:27:43,>Range,>Range,10869.3,>Range
25/10/21 17:27:44,>Range,>Range,10863.7,>Range
25/10/21 17:27:45,>Range,>Range,10864.2,>Range
25/10/21 17:27:46,>Range,>Range,10849.1,>Range
25/10/21 17:27:47,>Range,>Range,10833,>Range
25/10/21 17:27:48,>Range,>Range,10839.2,>Range
25/10/21 17:27:49,>Range,>Range,10844.3,>Range
25/10/21 17:27:50,>Range,>Range,10847.6,>Range
25/10/21 17:27:51,>Range,>Range,10849.9,>Range
25/10/21 17:27:52,>Range,>Range,10848.3,>Range
25/10/21 17:27:53,>Range,>Range,10843.6,>Range
25/10/21 17:27:54,>Range,>Range,10856.8,>Range
25/10/21 17:27:55,>Range,>Range,10865.5,>Range
25/10/21 17:27:56,>Range,>Range,10873.6,>Range
25/10/21 17:27:57,>Range,>Range,10872.2,>Range
25/10/21 17:27:58,>Range,>Range,10867.1,>Range
25/10/21 17:27:59,>Range,>Range,10857.5,>Range
25/10/21 17:28:00,>Range,>Range,10849.5,>Range
25/10/21 17:28:01,>Range,>Range,10837.9,>Range
25/10/21 17:28:02,>Range,>Range,10836.1,>Range
25/10/21 17:28:03,>Range,>Range,10834.5,>Range
25/10/21 17:28:04,>Range,>Range,10822.2,>Range
25/10/21 17:28:05,>Range,>Range,10824.8,>Range
25/10/21 17:28:06,>Range,>Range,10832.7,>Range
25/10/21 17:28:07,>Range,>Range,10837.1,>Range
25/10/21 17:28:08,>Range,>Range,10842.2,>Range
25/10/21 17:28:09,>Range,>Range,10844.8,>Range
25/10/21 17:28:10,>Range,>Range,10835.9,>Range
25/10/21 17:28:11,>Range,>Range,10831.7,>Range
25/10/21 17:28:12,>Range,>Range,10847.3,>Range
25/10/21 17:28:13,>Range,>Range,10859.7,>Range
25/10/21 17:28:14,>Range,>Range,10859.3,>Range
25/10/21 17:28:15,>Range,>Range,10855.7,>Range
25/10/21 17:28:16,>Range,>Range,10849.3,>Range
25/10/21 17:28:17,>Range,>Range,10846.2,>Range
25/10/21 17:28:18,>Range,>Range,10844.4,>Range
25/10/21 17:28:19,>Range,>Range,10847.5,>Range
25/10/21 17:28:20,>Range,>Range,10847.8,>Range
25/10/21 17:28:21,>Range,>Range,10842.9,>Range
25/10/21 17:28:22,>Range,>Range,10842.6,>Range
25/10/21 17:28:23,>Range,>Range,10854.8,>Range
25/10/21 17:28:24,>Range,>Range,10858.9,>Range
25/10/21 17:28:25,>Range,>Range,10856.8,>Range
25/10/21 17:28:26,>Range,>Range,10845.2,>Range
25/10/21 17:28:27,>Range,>Range,10829.9,>Range
25/10/21 17:28:28,>Range,>Range,10827.1,>Range
25/10/21 17:28:29,>Range,>Range,10835.3,>Range
25/10/21 17:28:30,>Range,>Range,10838.9,>Range
25/10/21 17:28:31,>Range,>Range,10844.9,>Range
25/10/21 17:28:32,>Range,>Range,10845.9,>Range
25/10/21 17:28:33,>Range,>Range,10842.4,>Range
25/10/21 17:28:34,>Range,>Range,10847.9,>Range
25/10/21 17:28:35,>Range,>Range,10847.8,>Range
25/10/21 17:28:36,>Range,>Range,10840.1,>Range
25/10/21 17:28:37,>Range,>Range,10828.5,>Range
25/10/21 17:28:38,>Range,>Range,10826.8,>Range
25/10/21 17:28:39,>Range,>Range,10821.4,>Range
25/10/21 17:28:40,>Range,>Range,10815.3,>Range
25/10/21 17:28:41,>Range,>Range,10820.2,>Range
25/10/21 17:28:42,>Range,>Range,10827.3,>Range
25/10/21 17:28:43,>Range,>Range,10845.1,>Range
25/10/21 17:28:44,>Range,>Range,10841.2,>Range
25/10/21 17:28:45,>Range,>Range,10831.3,>Range
25/10/21 17:28:46,>Range,>Range,10831.7,>Range
25/10/21 17:28:47,>Range,>Range,10840.2,>Range
25/10/21 17:28:48,>Range,>Range,10832.4,>Range
25/10/21 17:28:49,>Range,>Range,10818,>Range
25/10/21 17:28:50,>Range,>Range,10814.1,>Range
25/10/21 17:28:51,>Range,>Range,10822.3,>Range
25/10/21 17:28:52,>Range,>Range,10818.4,>Range
25/10/21 17:28:53,>Range,>Range,10815.5,>Range
25/10/21 17:28:54,>Range,>Range,10816.5,>Range
25/10/21 17:28:55,>Range,>Range,10819.1,>Range
25/10/21 17:28:56,>Range,>Range,10819.2,>Range
25/10/21 17:28:57,>Range,>Range,10824.9,>Range
25/10/21 17:28:58,>Range,>Range,10829.6,>Range
25/10/21 17:28:59,>Range,>Range,10825.4,>Range
25/10/21 17:29:00,>Range,>Range,10803.1,>Range
25/10/21 17:29:01,>Range,>Range,10802.4,>Range
25/10/21 17:29:02,>Range,>Range,10798.6,>Range
25/10/21 17:29:03,>Range,>Range,10793.1,>Range
25/10/21 17:29:04,>Range,>Range,10167.4,>Range
25/10/21 17:29:05,>Range,>Range,6574.8,>Range
25/10/21 17:29:06,>Range,>Range,3750.4,>Range
25/10/21 17:29:07,>Range,>Range,2128.3,>Range
25/10/21 17:29:08,>Range,>Range,1145.5,>Range
25/10/21 17:29:09,>Range,>Range,584.6,>Range
25/10/21 17:29:10,>Range,>Range,291.1,>Range
25/10/21 17:29:11,>Range,>Range,137.8,>Range
25/10/21 17:29:12,>Range,>Range,58.6,>Range
25/10/21 17:29:13,>Range,>Range,17.2,>Range
25/10/21 17:29:14,>Range,>Range,-4.7,>Range
25/10/21 17:29:15,>Range,>Range,-17.7,>Range
25/10/21 17:29:16,>Range,>Range,-23.1,>Range
25/10/21 17:29:17,>Range,>Range,-27.2,>Range
25/10/21 17:29:18,>Range,>Range,-28.1,>Range
25/10/21 17:29:19,>Range,>Range,-28.8,>Range
25/10/21 17:29:20,>Range,>Range,-29,>Range
25/10/21 17:29:21,>Range,>Range,-30.7,>Range
25/10/21 17:29:22,>Range,>Range,-31.3,>Range
25/10/21 17:29:23,>Range,>Range,-31.5,>Range
25/10/21 17:29:24,>Range,>Range,-30.8,>Range
25/10/21 17:29:25,>Range,>Range,-30.2,>Range
25/10/21 17:29:26,>Range,>Range,-30.7,>Range
25/10/21 17:29:27,>Range,>Range,-31.2,>Range
25/10/21 17:29:28,>Range,>Range,-30.6,>Range
25/10/21 17:29:29,>Range,>Range,-30.6,>Range
25/10/21 17:29:30,>Range,>Range,-30.3,>Range
25/10/21 17:29:31,>Range,>Range,-30.2,>Range
25/10/21 17:29:32,>Range,>Range,-30.7,>Range
25/10/21 17:29:33,>Range,>Range,-29.9,>Range
25/10/21 17:29:34,>Range,>Range,-29.8,>Range
25/10/21 17:29:35,>Range,>Range,-30.3,>Range
25/10/21 17:29:36,>Range,>Range,-30,>Range
25/10/21 17:29:37,>Range,>Range,-29.9,>Range
25/10/21 17:29:38,>Range,>Range,-30,>Range
25/10/21 17:29:39,>Range,>Range,-30.4,>Range
25/10/21 17:29:40,>Range,>Range,-30.1,>Range
25/10/21 17:29:41,>Range,>Range,-30.3,>Range
25/10/21 17:29:42,>Range,>Range,-30.7,>Range
25/10/21 17:29:43,>Range,>Range,-31,>Range
25/10/21 17:29:44,>Range,>Range,-30.1,>Range
25/10/21 17:29:45,>Range,>Range,-30.6,>Range
25/10/21 17:29:46,>Range,>Range,-29.8,>Range
25/10/21 17:29:47,>Range,>Range,-29.7,>Range
25/10/21 17:29:48,>Range,>Range,-29.4,>Range
25/10/21 17:29:49,>Range,>Range,-30.1,>Range
25/10/21 17:29:50,>Range,>Range,-29.9,>Range
25/10/21 17:29:51,>Range,>Range,-29.7,>Range
25/10/21 17:29:52,>Range,>Range,-29.5,>Range
25/10/21 17:29:53,>Range,>Range,-29.5,>Range
25/10/21 17:29:54,>Range,>Range,-29.4,>Range
25/10/21 17:29:55,>Range,>Range,-30.1,>Range
25/10/21 17:29:56,>Range,>Range,-29.6,>Range
25/10/21 17:29:57,>Range,>Range,-30.2,>Range
25/10/21 17:29:58,>Range,>Range,-29.5,>Range
25/10/21 17:29:59,>Range,>Range,-29.5,>Range
25/10/21 17:30:00,>Range,>Range,-29.9,>Range
25/10/21 17:30:01,>Range,>Range,-29.6,>Range
25/10/21 17:30:02,>Range,>Range,-29.9,>Range
25/10/21 17:30:03,>Range,>Range,-29.8,>Range
25/10/21 17:30:04,>Range,>Range,-29.6,>Range
25/10/21 17:30:05,>Range,>Range,-29.5,>Range
25/10/21 17:30:06,>Range,>Range,-30,>Range
25/10/21 17:30:07,>Range,>Range,-30.1,>Range
25/10/21 17:30:08,>Range,>Range,-29.8,>Range
25/10/21 17:30:09,>Range,>Range,-29.7,>Range
25/10/21 17:30:10,>Range,>Range,-30.3,>Range
25/10/21 17:30:11,>Range,>Range,-29.7,>Range
25/10/21 17:30:12,>Range,>Range,-30,>Range
25/10/21 17:30:13,>Range,>Range,-29.6,>Range
25/10/21 17:30:14,>Range,>Range,-29.8,>Range
25/10/21 17:30:15,>Range,>Range,-29.7,>Range
25/10/21 17:30:16,>Range,>Range,-29.7,>Range
25/10/21 17:30:17,>Range,>Range,-29.3,>Range
25/10/21 17:30:18,>Range,>Range,-29.6,>Range
25/10/21 17:30:19,>Range,>Range,-29.2,>Range
25/10/21 17:30:20,>Range,>Range,-29.5,>Range
25/10/21 17:30:21,>Range,>Range,-29.4,>Range
25/10/21 17:30:22,>Range,>Range,-28.8,>Range
25/10/21 17:30:23,>Range,>Range,-29,>Range
25/10/21 17:30:24,>Range,>Range,-29,>Range
25/10/21 17:30:25,>Range,>Range,-29.8,>Range
25/10/21 17:30:26,>Range,>Range,-29.6,>Range
25/10/21 17:30:27,>Range,>Range,-29.4,>Range
25/10/21 17:30:28,>Range,>Range,-29.7,>Range
25/10/21 17:30:29,>Range,>Range,-29.9,>Range
25/10/21 17:30:30,>Range,>Range,-29.9,>Range
25/10/21 17:30:31,>Range,>Range,-30.1,>Range
25/10/21 17:30:32,>Range,>Range,-30.5,>Range
25/10/21 17:30:33,>Range,>Range,-30,>Range
25/10/21 17:30:34,>Range,>Range,-30.2,>Range
25/10/21 17:30:35,>Range,>Range,-29.6,>Range
25/10/21 17:30:36,>Range,>Range,-29.5,>Range
25/10/21 17:30:37,>Range,>Range,-29.7,>Range
25/10/21 17:30:38,>Range,>Range,-30.2,>Range
25/10/21 17:30:39,>Range,>Range,-29.7,>Range
25/10/21 17:30:40,>Range,>Range,-29.6,>Range
25/10/21 17:30:41,>Range,>Range,-29.3,>Range
25/10/21 17:30:42,>Range,>Range,-30,>Range
25/10/21 17:30:43,>Range,>Range,-30.3,>Range
25/10/21 17:30:44,>Range,>Range,-30.3,>Range
25/10/21 17:30:45,>Range,>Range,-29.7,>Range
25/10/21 17:30:46,>Range,>Range,-30,>Range
25/10/21 17:30:47,>Range,>Range,-29.6,>Range
25/10/21 17:30:48,>Range,>Range,-29.8,>Range
25/10/21 17:30:49,>Range,>Range,-29.4,>Range
25/10/21 17:30:50,>Range,>Range,-30.1,>Range
25/10/21 17:30:51,>Range,>Range,-29.4,>Range
25/10/21 17:30:52,>Range,>Range,-29,>Range
25/10/21 17:30:53,>Range,>Range,-29.4,>Range
25/10/21 17:30:54,>Range,>Range,-29,>Range
25/10/21 17:30:55,>Range,>Range,-29,>Range
25/10/21 17:30:56,>Range,>Range,-29.4,>Range
25/10/21 17:30:57,>Range,>Range,-29.6,>Range
25/10/21 17:30:58,>Range,>Range,-29.3,>Range
25/10/21 17:30:59,>Range,>Range,-29.5,>Range
25/10/21 17:31:00,>Range,>Range,-29.3,>Range
25/10/21 17:31:01,>Range,>Range,-29.7,>Range
25/10/21 17:31:02,>Range,>Range,-29.6,>Range
25/10/21 17:31:03,>Range,>Range,-29.2,>Range
25/10/21 17:31:04,>Range,>Range,-29.4,>Range
25/10/21 17:31:05,>Range,>Range,-29.2,>Range
25/10/21 17:31:06,>Range,>Range,-29.3,>Range
25/10/21 17:31:07,>Range,>Range,-28.9,>Range
25/10/21 17:31:08,>Range,>Range,-28.7,>Range
25/10/21 17:31:09,>Range,>Range,-29.1,>Range
25/10/21 17:31:10,>Range,>Range,-29.5,>Range
25/10/21 17:31:11,>Range,>Range,-30,>Range
25/10/21 17:31:12,>Range,>Range,-30.2,>Range
25/10/21 17:31:13,>Range,>Range,-29.5,>Range
25/10/21 17:31:14,>Range,>Range,-29.4,>Range
25/10/21 17:31:15,>Range,>Range,-28.3,>Range
25/10/21 17:31:16,>Range,>Range,-28.5,>Range
25/10/21 17:31:17,>Range,>Range,-28.5,>Range
25/10/21 17:31:18,>Range,>Range,-28.4,>Range
25/10/21 17:31:19,>Range,>Range,-28.6,>Range
25/10/21 17:31:20,>Range,>Range,-28.8,>Range
25/10/21 17:31:21,>Range,>Range,-28.6,>Range
25/10/21 17:31:22,>Range,>Range,-29.2,>Range
25/10/21 17:31:23,>Range,>Range,-28.3,>Range
25/10/21 17:31:24,>Range,>Range,-28.3,>Range
25/10/21 17:31:25,>Range,>Range,-29,>Range
25/10/21 17:31:26,>Range,>Range,-29.1,>Range
25/10/21 17:31:27,>Range,>Range,-29.1,>Range
25/10/21 17:31:28,>Range,>Range,-28.8,>Range
25/10/21 17:31:29,>Range,>Range,-28.4,>Range
25/10/21 17:31:30,>Range,>Range,-28.4,>Range
25/10/21 17:31:31,>Range,>Range,-28.8,>Range
25/10/21 17:31:32,>Range,>Range,-28.9,>Range
25/10/21 17:31:33,>Range,>Range,-29.2,>Range
25/10/21 17:31:34,>Range,>Range,-29.2,>Range
25/10/21 17:31:35,>Range,>Range,-29.2,>Range
25/10/21 17:31:36,>Range,>Range,-29.1,>Range
25/10/21 17:31:37,>Range,>Range,-28.7,>Range
25/10/21 17:31:38,>Range,>Range,-28.7,>Range
25/10/21 17:31:39,>Range,>Range,-28.8,>Range
25/10/21 17:31:40,>Range,>Range,-28.6,>Range
25/10/21 17:31:41,>Range,>Range,-29.2,>Range
25/10/21 17:31:42,>Range,>Range,-28.9,>Range
25/10/21 17:31:43,>Range,>Range,-29.1,>Range
25/10/21 17:31:44,>Range,>Range,-28.7,>Range
25/10/21 17:31:45,>Range,>Range,-29.1,>Range
25/10/21 17:31:46,>Range,>Range,-29.3,>Range
25/10/21 17:31:47,>Range,>Range,-29.4,>Range
25/10/21 17:31:48,>Range,>Range,-28.9,>Range
25/10/21 17:31:49,>Range,>Range,-28.9,>Range
25/10/21 17:31:50,>Range,>Range,-28.7,>Range
25/10/21 17:31:51,>Range,>Range,-28.9,>Range
25/10/21 17:31:52,>Range,>Range,-29,>Range
25/10/21 17:31:53,>Range,>Range,-28.1,>Range
25/10/21 17:31:54,>Range,>Range,-27.7,>Range
25/10/21 17:31:55,>Range,>Range,-28.4,>Range
25/10/21 17:31:56,>Range,>Range,-28.4,>Range
25/10/21 17:31:57,>Range,>Range,-28.5,>Range
25/10/21 17:31:58,>Range,>Range,-28.7,>Range
25/10/21 17:31:59,>Range,>Range,-28.8,>Range
25/10/21 17:32:00,>Range,>Range,-28.9,>Range
25/10/21 17:32:01,>Range,>Range,-28.6,>Range
25/10/21 17:32:02,>Range,>Range,-28.8,>Range
25/10/21 17:32:03,>Range,>Range,-29,>Range
25/10/21 17:32:04,>Range,>Range,-29.3,>Range
25/10/21 17:32:05,>Range,>Range,-28.7,>Range
25/10/21 17:32:06,>Range,>Range,-29.2,>Range
25/10/21 17:32:07,>Range,>Range,-29,>Range
25/10/21 17:32:08,>Range,>Range,-28.9,>Range
25/10/21 17:32:09,>Range,>Range,-29.1,>Range
25/10/21 17:32:10,>Range,>Range,-28.6,>Range
25/10/21 17:32:11,>Range,>Range,-29.3,>Range
25/10/21 17:32:12,>Range,>Range,-29.5,>Range
25/10/21 17:32:13,>Range,>Range,-29.2,>Range
25/10/21 17:32:14,>Range,>Range,-29,>Range
25/10/21 17:32:15,>Range,>Range,-29.3,>Range
25/10/21 17:32:16,>Range,>Range,-29,>Range
25/10/21 17:32:17,>Range,>Range,-29,>Range
25/10/21 17:32:18,>Range,>Range,-29,>Range
25/10/21 17:32:19,>Range,>Range,-28.8,>Range
25/10/21 17:32:20,>Range,>Range,-28.5,>Range
25/10/21 17:32:21,>Range,>Range,-28.3,>Range
25/10/21 17:32:22,>Range,>Range,-29,>Range
25/10/21 17:32:23,>Range,>Range,-29.1,>Range
25/10/21 17:32:24,>Range,>Range,-29.7,>Range
25/10/21 17:32:25,>Range,>Range,-28.6,>Range
25/10/21 17:32:26,>Range,>Range,-29.7,>Range
25/10/21 17:32:27,>Range,>Range,-29.2,>Range
25/10/21 17:32:28,>Range,>Range,-29.4,>Range
25/10/21 17:32:29,>Range,>Range,-30,>Range
25/10/21 17:32:30,>Range,>Range,-29,>Range
25/10/21 17:32:31,>Range,>Range,-29.2,>Range
25/10/21 17:32:32,>Range,>Range,-29.7,>Range
25/10/21 17:32:33,>Range,>Range,-29.3,>Range
25/10/21 17:32:34,>Range,>Range,-29.7,>Range
25/10/21 17:32:35,>Range,>Range,-30.2,>Range
25/10/21 17:32:36,>Range,>Range,-30,>Range
25/10/21 17:32:37,>Range,>Range,-29.9,>Range
25/10/21 17:32:38,>Range,>Range,-29.5,>Range
25/10/21 17:32:39,>Range,>Range,-29.7,>Range
25/10/21 17:32:40,>Range,>Range,-29.6,>Range
25/10/21 17:32:41,>Range,>Range,-29.8,>Range
25/10/21 17:32:42,>Range,>Range,-29.5,>Range
25/10/21 17:32:43,>Range,>Range,-29.6,>Range
25/10/21 17:32:44,>Range,>Range,-29.7,>Range
25/10/21 17:32:45,>Range,>Range,-29.8,>Range
25/10/21 17:32:46,>Range,>Range,-29.3,>Range
25/10/21 17:32:47,>Range,>Range,-29.8,>Range
25/10/21 17:32:48,>Range,>Range,-30.3,>Range
25/10/21 17:32:49,>Range,>Range,-30.4,>Range
25/10/21 17:32:50,>Range,>Range,-30.5,>Range
25/10/21 17:32:51,>Range,>Range,-30.4,>Range
25/10/21 17:32:52,>Range,>Range,-30.5,>Range
25/10/21 17:32:53,>Range,>Range,-29.7,>Range
25/10/21 17:32:54,>Range,>Range,-30,>Range
25/10/21 17:32:55,>Range,>Range,-29.9,>Range
25/10/21 17:32:56,>Range,>Range,-29.9,>Range
25/10/21 17:32:57,>Range,>Range,-30.4,>Range
25/10/21 17:32:58,>Range,>Range,-30.6,>Range
25/10/21 17:32:59,>Range,>Range,-30,>Range
25/10/21 17:33:00,>Range,>Range,-29.9,>Range
25/10/21 17:33:01,>Range,>Range,-29.1,>Range
25/10/21 17:33:02,>Range,>Range,-29.3,>Range
25/10/21 17:33:03,>Range,>Range,-29.2,>Range
25/10/21 17:33:04,>Range,>Range,-29.1,>Range
25/10/21 17:33:05,>Range,>Range,-29.3,>Range
25/10/21 17:33:06,>Range,>Range,-29.6,>Range
25/10/21 17:33:07,>Range,>Range,-29.6,>Range
25/10/21 17:33:08,>Range,>Range,-29.6,>Range
25/10/21 17:33:09,>Range,>Range,-29.8,>Range
25/10/21 17:33:10,>Range,>Range,-29.8,>Range
25/10/21 17:33:11,>Range,>Range,-29.9,>Range
25/10/21 17:33:12,>Range,>Range,-29.9,>Range
25/10/21 17:33:13,>Range,>Range,-29.7,>Range
25/10/21 17:33:14,>Range,>Range,-29.2,>Range
25/10/21 17:33:15,>Range,>Range,-30,>Range
25/10/21 17:33:16,>Range,>Range,-29.6,>Range
25/10/21 17:33:17,>Range,>Range,-29.3,>Range
25/10/21 17:33:18,>Range,>Range,-29.3,>Range
25/10/21 17:33:19,>Range,>Range,-29.3,>Range
25/10/21 17:33:20,>Range,>Range,-29,>Range
25/10/21 17:33:21,>Range,>Range,-29.2,>Range
25/10/21 17:33:22,>Range,>Range,-29.3,>Range
25/10/21 17:33:23,>Range,>Range,-29.3,>Range
25/10/21 17:33:24,>Range,>Range,-29.3,>Range
25/10/21 17:33:25,>Range,>Range,-29.6,>Range
25/10/21 17:33:26,>Range,>Range,-29.4,>Range
25/10/21 17:33:27,>Range,>Range,-29.8,>Range
25/10/21 17:33:28,>Range,>Range,-29.8,>Range
25/10/21 17:33:29,>Range,>Range,-29.6,>Range
25/10/21 17:33:30,>Range,>Range,-29.3,>Range
25/10/21 17:33:31,>Range,>Range,-29.1,>Range
25/10/21 17:33:32,>Range,>Range,-28.6,>Range
25/10/21 17:33:33,>Range,>Range,-29.3,>Range
25/10/21 17:33:34,>Range,>Range,-29.1,>Range
25/10/21 17:33:35,>Range,>Range,-28.7,>Range
25/10/21 17:33:36,>Range,>Range,-28.8,>Range
25/10/21 17:33:37,>Range,>Range,-28.9,>Range
25/10/21 17:33:38,>Range,>Range,-28.9,>Range
25/10/21 17:33:39,>Range,>Range,-29.8,>Range
25/10/21 17:33:40,>Range,>Range,-29.5,>Range
25/10/21 17:33:41,>Range,>Range,-29.2,>Range
25/10/21 17:33:42,>Range,>Range,-29.5,>Range
25/10/21 17:33:43,>Range,>Range,-28.6,>Range
25/10/21 17:33:44,>Range,>Range,-28.1,>Range
25/10/21 17:33:45,>Range,>Range,-28.6,>Range
25/10/21 17:33:46,>Range,>Range,-29,>Range
25/10/21 17:33:47,>Range,>Range,-29,>Range
25/10/21 17:33:48,>Range,>Range,-29,>Range
25/10/21 17:33:49,>Range,>Range,-28.5,>Range
25/10/21 17:33:50,>Range,>Range,-29,>Range
25/10/21 17:33:51,>Range,>Range,-29.5,>Range
25/10/21 17:33:52,>Range,>Range,-29.8,>Range
25/10/21 17:33:53,>Range,>Range,-29.2,>Range
25/10/21 17:33:54,>Range,>Range,-29.7,>Range
25/10/21 17:33:55,>Range,>Range,-30,>Range
25/10/21 17:33:56,>Range,>Range,-29.1,>Range
25/10/21 17:33:57,>Range,>Range,-29,>Range
25/10/21 17:33:58,>Range,>Range,-28.7,>Range
25/10/21 17:33:59,>Range,>Range,-28.7,>Range
25/10/21 17:34:00,>Range,>Range,-29,>Range
25/10/21 17:34:01,>Range,>Range,-29.8,>Range
25/10/21 17:34:02,>Range,>Range,-29.1,>Range
25/10/21 17:34:03,>Range,>Range,-29.3,>Range
25/10/21 17:34:04,>Range,>Range,-29.2,>Range
25/10/21 17:34:05,>Range,>Range,-28.8,>Range
25/10/21 17:34:06,>Range,>Range,-28.6,>Range
25/10/21 17:34:07,>Range,>Range,-28.7,>Range
25/10/21 17:34:08,>Range,>Range,-28.6,>Range
25/10/21 17:34:09,>Range,>Range,-28.2,>Range
25/10/21 17:34:10,>Range,>Range,-28.1,>Range
25/10/21 17:34:11,>Range,>Range,-28.8,>Range
25/10/21 17:34:12,>Range,>Range,-28.9,>Range
25/10/21 17:34:13,>Range,>Range,-28.4,>Range
25/10/21 17:34:14,>Range,>Range,-28.7,>Range
25/10/21 17:34:15,>Range,>Range,-28.7,>Range
25/10/21 17:34:16,>Range,>Range,-29.1,>Range
25/10/21 17:34:17,>Range,>Range,-29,>Range
25/10/21 17:34:18,>Range,>Range,-28.8,>Range
25/10/21 17:34:19,>Range,>Range,-28.8,>Range
25/10/21 17:34:20,>Range,>Range,-28.9,>Range
25/10/21 17:34:21,>Range,>Range,-29.3,>Range
25/10/21 17:34:22,>Range,>Range,-29.5,>Range
25/10/21 17:34:23,>Range,>Range,-29.3,>Range
25/10/21 17:34:24,>Range,>Range,-29,>Range
25/10/21 17:34:25,>Range,>Range,-29,>Range
25/10/21 17:34:26,>Range,>Range,-29.3,>Range
25/10/21 17:34:27,>Range,>Range,-28.9,>Range
25/10/21 17:34:28,>Range,>Range,-28.8,>Range
25/10/21 17:34:29,>Range,>Range,-28.7,>Range
25/10/21 17:34:30,>Range,>Range,-29.7,>Range
25/10/21 17:34:31,>Range,>Range,-29.2,>Range
25/10/21 17:34:32,>Range,>Range,-29.1,>Range
25/10/21 17:34:33,>Range,>Range,-28.8,>Range
25/10/21 17:34:34,>Range,>Range,-28.5,>Range
25/10/21 17:34:35,>Range,>Range,-28.9,>Range
25/10/21 17:34:36,>Range,>Range,-29.1,>Range
25/10/21 17:34:37,>Range,>Range,-29.1,>Range
25/10/21 17:34:38,>Range,>Range,-28.9,>Range
25/10/21 17:34:39,>Range,>Range,-28.4,>Range
25/10/21 17:34:40,>Range,>Range,-28.2,>Range
25/10/21 17:34:41,>Range,>Range,-28.5,>Range
25/10/21 17:34:42,>Range,>Range,-29.4,>Range
25/10/21 17:34:43,>Range,>Range,-29.1,>Range
25/10/21 17:34:44,>Range,>Range,-29.3,>Range
25/10/21 17:34:45,>Range,>Range,-29.3,>Range
25/10/21 17:34:46,>Range,>Range,-29.1,>Range
25/10/21 17:34:47,>Range,>Range,-29.2,>Range
25/10/21 17:34:48,>Range,>Range,-29.2,>Range
25/10/21 17:34:49,>Range,>Range,-29.4,>Range
25/10/21 17:34:50,>Range,>Range,-29.9,>Range
25/10/21 17:34:51,>Range,>Range,-29.7,>Range
25/10/21 17:34:52,>Range,>Range,-29.5,>Range
25/10/21 17:34:53,>Range,>Range,-29.3,>Range
25/10/21 17:34:54,>Range,>Range,-29.6,>Range
25/10/21 17:34:55,>Range,>Range,-29.2,>Range
25/10/21 17:34:56,>Range,>Range,-29.4,>Range
25/10/21 17:34:57,>Range,>Range,-29.1,>Range
25/10/21 17:34:58,>Range,>Range,-28.5,>Range
25/10/21 17:34:59,>Range,>Range,-28.7,>Range
25/10/21 17:35:00,>Range,>Range,-28.6,>Range
25/10/21 17:35:01,>Range,>Range,-28.5,>Range
25/10/21 17:35:02,>Range,>Range,-28.3,>Range
25/10/21 17:35:03,>Range,>Range,-28.7,>Range
25/10/21 17:35:04,>Range,>Range,-28.5,>Range
25/10/21 17:35:05,>Range,>Range,-28.8,>Range
25/10/21 17:35:06,>Range,>Range,-28.5,>Range
25/10/21 17:35:07,>Range,>Range,-28.8,>Range
25/10/21 17:35:08,>Range,>Range,-29.3,>Range
25/10/21 17:35:09,>Range,>Range,-29.2,>Range
25/10/21 17:35:10,>Range,>Range,-28.6,>Range
25/10/21 17:35:11,>Range,>Range,-29,>Range
25/10/21 17:35:12,>Range,>Range,-29.7,>Range
25/10/21 17:35:13,>Range,>Range,-29.7,>Range
25/10/21 17:35:14,>Range,>Range,-29.4,>Range
25/10/21 17:35:15,>Range,>Range,-29.1,>Range
25/10/21 17:35:16,>Range,>Range,-28.6,>Range
25/10/21 17:35:17,>Range,>Range,-29.3,>Range
25/10/21 17:35:18,>Range,>Range,-29.4,>Range
25/10/21 17:35:19,>Range,>Range,-28.9,>Range
25/10/21 17:35:20,>Range,>Range,-29.7,>Range
25/10/21 17:35:21,>Range,>Range,-29.6,>Range
25/10/21 17:35:22,>Range,>Range,-29.7,>Range
25/10/21 17:35:23,>Range,>Range,-29.5,>Range
25/10/21 17:35:24,>Range,>Range,-29.8,>Range
25/10/21 17:35:25,>Range,>Range,-29.4,>Range
25/10/21 17:35:26,>Range,>Range,-29,>Range
25/10/21 17:35:27,>Range,>Range,9.4,>Range
25/10/21 17:35:28,>Range,>Range,209.6,>Range
25/10/21 17:35:29,>Range,>Range,527.8,>Range
25/10/21 17:35:30,>Range,>Range,974.4,>Range
25/10/21 17:35:31,>Range,>Range,1445,>Range
25/10/21 17:35:32,>Range,>Range,2128.3,>Range
25/10/21 17:35:33,>Range,>Range,3939.7,>Range
25/10/21 17:35:34,>Range,>Range,5870.1,>Range
25/10/21 17:35:35,>Range,>Range,9287.8,>Range
25/10/21 17:35:36,>Range,>Range,12555,>Range
25/10/21 17:35:37,>Range,>Range,15008.3,>Range
25/10/21 17:35:38,>Range,>Range,16826.4,>Range
25/10/21 17:35:39,>Range,>Range,18042.6,>Range
25/10/21 17:35:40,>Range,>Range,18788.8,>Range
25/10/21 17:35:41,>Range,>Range,19209.6,>Range
25/10/21 17:35:42,>Range,>Range,19356,>Range
25/10/21 17:35:43,>Range,>Range,19350,>Range
25/10/21 17:35:44,>Range,>Range,19304.3,>Range
25/10/21 17:35:45,>Range,>Range,19191.7,>Range
25/10/21 17:35:46,>Range,>Range,19033.8,>Range
25/10/21 17:35:47,>Range,>Range,18850.1,>Range
25/10/21 17:35:48,>Range,>Range,18645.8,>Range
25/10/21 17:35:49,>Range,>Range,18434.5,>Range
25/10/21 17:35:50,>Range,>Range,18221.6,>Range
25/10/21 17:35:51,>Range,>Range,18003.6,>Range
25/10/21 17:35:52,>Range,>Range,17795.1,>Range
25/10/21 17:35:53,>Range,>Range,17586.1,>Range
25/10/21 17:35:54,>Range,>Range,17339.4,>Range
25/10/21 17:35:55,>Range,>Range,17093.2,>Range
25/10/21 17:35:56,>Range,>Range,16866.2,>Range
25/10/21 17:35:57,>Range,>Range,16664.8,>Range
25/10/21 17:35:58,>Range,>Range,16491.6,>Range
25/10/21 17:35:59,>Range,>Range,16290.1,>Range
25/10/21 17:36:00,>Range,>Range,16098.4,>Range
25/10/21 17:36:01,>Range,>Range,15926,>Range
25/10/21 17:36:02,>Range,>Range,15700.7,>Range
25/10/21 17:36:03,>Range,>Range,15500.1,>Range
25/10/21 17:36:04,>Range,>Range,15324.9,>Range
25/10/21 17:36:05,>Range,>Range,15137.2,>Range
25/10/21 17:36:06,>Range,>Range,14907.6,>Range
25/10/21 17:36:07,>Range,>Range,14718.3,>Range
25/10/21 17:36:08,>Range,>Range,14529.5,>Range
25/10/21 17:36:09,>Range,>Range,14281.1,>Range
25/10/21 17:36:10,>Range,>Range,14071.3,>Range
25/10/21 17:36:11,>Range,>Range,13898.9,>Range
25/10/21 17:36:12,>Range,>Range,13746.7,>Range
25/10/21 17:36:13,>Range,>Range,13590.5,>Range
25/10/21 17:36:14,>Range,>Range,13434,>Range
25/10/21 17:36:15,>Range,>Range,13276.2,>Range
25/10/21 17:36:16,>Range,>Range,13112.2,>Range
25/10/21 17:36:17,>Range,>Range,12946.2,>Range
25/10/21 17:36:18,>Range,>Range,12788.4,>Range
25/10/21 17:36:19,>Range,>Range,12625.5,>Range
25/10/21 17:36:20,>Range,>Range,12444.2,>Range
25/10/21 17:36:21,>Range,>Range,12278.5,>Range
25/10/21 17:36:22,>Range,>Range,12121.2,>Range
25/10/21 17:36:23,>Range,>Range,11962.8,>Range
25/10/21 17:36:24,>Range,>Range,11821.2,>Range
25/10/21 17:36:25,>Range,>Range,11675.1,>Range
25/10/21 17:36:26,>Range,>Range,11535.1,>Range
25/10/21 17:36:27,>Range,>Range,11396,>Range
25/10/21 17:36:28,>Range,>Range,11252,>Range
25/10/21 17:36:29,>Range,>Range,11103.4,>Range
25/10/21 17:36:30,>Range,>Range,10959.3,>Range
25/10/21 17:36:31,>Range,>Range,10824.9,>Range
25/10/21 17:36:32,>Range,>Range,10699.8,>Range
25/10/21 17:36:33,>Range,>Range,10570.2,>Range
25/10/21 17:36:34,>Range,>Range,10409.5,>Range
25/10/21 17:36:35,>Range,>Range,10278.1,>Range
25/10/21 17:36:36,>Range,>Range,10160.1,>Range
25/10/21 17:36:37,>Range,>Range,10021.6,>Range
25/10/21 17:36:38,>Range,>Range,9891,>Range
25/10/21 17:36:39,>Range,>Range,9765.5,>Range
25/10/21 17:36:40,>Range,>Range,9645.9,>Range
25/10/21 17:36:41,>Range,>Range,9529.9,>Range
25/10/21 17:36:42,>Range,>Range,9410.9,>Range
25/10/21 17:36:43,>Range,>Range,9280.3,>Range
25/10/21 17:36:44,>Range,>Range,9167.9,>Range
25/10/21 17:36:45,>Range,>Range,9072,>Range
25/10/21 17:36:46,>Range,>Range,8962.3,>Range
25/10/21 17:36:47,>Range,>Range,8839.4,>Range
25/10/21 17:36:48,>Range,>Range,8725,>Range
25/10/21 17:36:49,>Range,>Range,8636.8,>Range
25/10/21 17:36:50,>Range,>Range,8557.6,>Range
25/10/21 17:36:51,>Range,>Range,8471.5,>Range
25/10/21 17:36:52,>Range,>Range,8394,>Range
25/10/21 17:36:53,>Range,>Range,8306,>Range
25/10/21 17:36:54,>Range,>Range,8214.3,>Range
25/10/21 17:36:55,>Range,>Range,8107.8,>Range
25/10/21 17:36:56,>Range,>Range,7999.3,>Range
25/10/21 17:36:57,>Range,>Range,7902.5,>Range
25/10/21 17:36:58,>Range,>Range,7808.3,>Range
25/10/21 17:36:59,>Range,>Range,7713.4,>Range
25/10/21 17:37:00,>Range,>Range,7618.6,>Range
25/10/21 17:37:01,>Range,>Range,7537.9,>Range
25/10/21 17:37:02,>Range,>Range,7454,>Range
25/10/21 17:37:03,>Range,>Range,7379,>Range
25/10/21 17:37:04,>Range,>Range,7299.3,>Range
25/10/21 17:37:05,>Range,>Range,7215.3,>Range
25/10/21 17:37:06,>Range,>Range,7130.3,>Range
25/10/21 17:37:07,>Range,>Range,7050.7,>Range
25/10/21 17:37:08,>Range,>Range,6969.4,>Range
25/10/21 17:37:09,>Range,>Range,6879.6,>Range
25/10/21 17:37:10,>Range,>Range,6795.8,>Range
25/10/21 17:37:11,>Range,>Range,6717.2,>Range
25/10/21 17:37:12,>Range,>Range,6634.7,>Range
25/10/21 17:37:13,>Range,>Range,6562.5,>Range
25/10/21 17:37:14,>Range,>Range,6498.6,>Range
25/10/21 17:37:15,>Range,>Range,6432.4,>Range
25/10/21 17:37:16,>Range,>Range,6372.2,>Range
25/10/21 17:37:17,>Range,>Range,6315,>Range
25/10/21 17:37:18,>Range,>Range,6249,>Range
25/10/21 17:37:19,>Range,>Range,6186.5,>Range
25/10/21 17:37:20,>Range,>Range,6120.2,>Range
25/10/21 17:37:21,>Range,>Range,6049.1,>Range
25/10/21 17:37:22,>Range,>Range,5989.3,>Range
25/10/21 17:37:23,>Range,>Range,5925.5,>Range
25/10/21 17:37:24,>Range,>Range,5857.1,>Range
25/10/21 17:37:25,>Range,>Range,5782.3,>Range
25/10/21 17:37:26,>Range,>Range,5709.5,>Range
25/10/21 17:37:27,>Range,>Range,5655.4,>Range
25/10/21 17:37:28,>Range,>Range,5599.7,>Range
25/10/21 17:37:29,>Range,>Range,5539.9,>Range
25/10/21 17:37:30,>Range,>Range,5475.6,>Range
25/10/21 17:37:31,>Range,>Range,5420.1,>Range
25/10/21 17:37:32,>Range,>Range,5361.1,>Range
25/10/21 17:37:33,>Range,>Range,5304.2,>Range
25/10/21 17:37:34,>Range,>Range,5243.5,>Range
25/10/21 17:37:35,>Range,>Range,5180.1,>Range
25/10/21 17:37:36,>Range,>Range,5128.6,>Range
25/10/21 17:37:37,>Range,>Range,5077.7,>Range
25/10/21 17:37:38,>Range,>Range,5030.7,>Range
25/10/21 17:37:39,>Range,>Range,4980.4,>Range
25/10/21 17:37:40,>Range,>Range,4930.2,>Range
25/10/21 17:37:41,>Range,>Range,4889.9,>Range
25/10/21 17:37:42,>Range,>Range,4846.7,>Range
25/10/21 17:37:43,>Range,>Range,4791.5,>Range
25/10/21 17:37:44,>Range,>Range,4729.4,>Range
25/10/21 17:37:45,>Range,>Range,4679.7,>Range
25/10/21 17:37:46,>Range,>Range,4635.2,>Range
25/10/21 17:37:47,>Range,>Range,4593,>Range
25/10/21 17:37:48,>Range,>Range,4534.9,>Range
25/10/21 17:37:49,>Range,>Range,4476,>Range
25/10/21 17:37:50,>Range,>Range,4421.4,>Range
25/10/21 17:37:51,>Range,>Range,4357,>Range
25/10/21 17:37:52,>Range,>Range,4303.5,>Range
25/10/21 17:37:53,>Range,>Range,4255,>Range
25/10/21 17:37:54,>Range,>Range,4205.6,>Range
25/10/21 17:37:55,>Range,>Range,4169.4,>Range
25/10/21 17:37:56,>Range,>Range,4146.4,>Range
25/10/21 17:37:57,>Range,>Range,4124.9,>Range
25/10/21 17:37:58,>Range,>Range,4097.9,>Range
25/10/21 17:37:59,>Range,>Range,4059.5,>Range
25/10/21 17:38:00,>Range,>Range,4009,>Range
25/10/21 17:38:01,>Range,>Range,3968.7,>Range
25/10/21 17:38:02,>Range,>Range,3960.7,>Range
25/10/21 17:38:03,>Range,>Range,4024,>Range
25/10/21 17:38:04,>Range,>Range,4154.5,>Range
25/10/21 17:38:05,>Range,>Range,4317.6,>Range
25/10/21 17:38:06,>Range,>Range,4450.8,>Range
25/10/21 17:38:07,>Range,>Range,4550,>Range
25/10/21 17:38:08,>Range,>Range,4637,>Range
25/10/21 17:38:09,>Range,>Range,4726,>Range
25/10/21 17:38:10,>Range,>Range,4818.8,>Range
25/10/21 17:38:11,>Range,>Range,4879.9,>Range
25/10/21 17:38:12,>Range,>Range,4915.1,>Range
25/10/21 17:38:13,>Range,>Range,4917.9,>Range
25/10/21 17:38:14,>Range,>Range,4895.7,>Range
25/10/21 17:38:15,>Range,>Range,4860.6,>Range
25/10/21 17:38:16,>Range,>Range,4817.9,>Range
25/10/21 17:38:17,>Range,>Range,4769.5,>Range
25/10/21 17:38:18,>Range,>Range,4710.4,>Range
25/10/21 17:38:19,>Range,>Range,4666.6,>Range
25/10/21 17:38:20,>Range,>Range,4624.1,>Range
25/10/21 17:38:21,>Range,>Range,4587.7,>Range
25/10/21 17:38:22,>Range,>Range,4555.9,>Range
25/10/21 17:38:23,>Range,>Range,4519,>Range
25/10/21 17:38:24,>Range,>Range,4472.4,>Range
25/10/21 17:38:25,>Range,>Range,4425.7,>Range
25/10/21 17:38:26,>Range,>Range,4376.6,>Range
25/10/21 17:38:27,>Range,>Range,4323.7,>Range
25/10/21 17:38:28,>Range,>Range,4274.8,>Range
25/10/21 17:38:29,>Range,>Range,4228,>Range
25/10/21 17:38:30,>Range,>Range,4174.5,>Range
25/10/21 17:38:31,>Range,>Range,4118.4,>Range
25/10/21 17:38:32,>Range,>Range,4067.1,>Range
25/10/21 17:38:33,>Range,>Range,4025.8,>Range
25/10/21 17:38:34,>Range,>Range,3988.7,>Range
25/10/21 17:38:35,>Range,>Range,3942,>Range
25/10/21 17:38:36,>Range,>Range,3894.9,>Range
25/10/21 17:38:37,>Range,>Range,3857.4,>Range
25/10/21 17:38:38,>Range,>Range,3817,>Range
25/10/21 17:38:39,>Range,>Range,3781.5,>Range
25/10/21 17:38:40,>Range,>Range,3748.8,>Range
25/10/21 17:38:41,>Range,>Range,3707.5,>Range
25/10/21 17:38:42,>Range,>Range,3660.1,>Range
25/10/21 17:38:43,>Range,>Range,3605,>Range
25/10/21 17:38:44,>Range,>Range,3543.8,>Range
25/10/21 17:38:45,>Range,>Range,3490,>Range
25/10/21 17:38:46,>Range,>Range,3430.6,>Range
25/10/21 17:38:47,>Range,>Range,3370.1,>Range
25/10/21 17:38:48,>Range,>Range,3308.3,>Range
25/10/21 17:38:49,>Range,>Range,3240.8,>Range
25/10/21 17:38:50,>Range,>Range,3169.8,>Range
25/10/21 17:38:51,>Range,>Range,3110.3,>Range
25/10/21 17:38:52,>Range,>Range,3054.8,>Range
25/10/21 17:38:53,>Range,>Range,3008.5,>Range
25/10/21 17:38:54,>Range,>Range,2964.6,>Range
25/10/21 17:38:55,>Range,>Range,2922,>Range
25/10/21 17:38:56,>Range,>Range,2891.5,>Range
25/10/21 17:38:57,>Range,>Range,2859.8,>Range
25/10/21 17:38:58,>Range,>Range,2818.7,>Range
25/10/21 17:38:59,>Range,>Range,2767.6,>Range
25/10/21 17:39:00,>Range,>Range,2714.7,>Range
25/10/21 17:39:01,>Range,>Range,2665.4,>Range
25/10/21 17:39:02,>Range,>Range,2616.3,>Range
25/10/21 17:39:03,>Range,>Range,2573,>Range
25/10/21 17:39:04,>Range,>Range,2525.2,>Range
25/10/21 17:39:05,>Range,>Range,2488.5,>Range
25/10/21 17:39:06,>Range,>Range,2446.4,>Range
25/10/21 17:39:07,>Range,>Range,2399.7,>Range
25/10/21 17:39:08,>Range,>Range,2348.2,>Range
25/10/21 17:39:09,>Range,>Range,2291.7,>Range
25/10/21 17:39:10,>Range,>Range,2240.4,>Range
25/10/21 17:39:11,>Range,>Range,2194.4,>Range
25/10/21 17:39:12,>Range,>Range,2152.2,>Range
25/10/21 17:39:13,>Range,>Range,2106.9,>Range
25/10/21 17:39:14,>Range,>Range,2045.3,>Range
25/10/21 17:39:15,>Range,>Range,1986.6,>Range
25/10/21 17:39:16,>Range,>Range,1932.7,>Range
25/10/21 17:39:17,>Range,>Range,1882.7,>Range
25/10/21 17:39:18,>Range,>Range,1837.6,>Range
25/10/21 17:39:19,>Range,>Range,1794.1,>Range
25/10/21 17:39:20,>Range,>Range,1752.9,>Range
25/10/21 17:39:21,>Range,>Range,1708.4,>Range
25/10/21 17:39:22,>Range,>Range,1666.8,>Range
25/10/21 17:39:23,>Range,>Range,1617.9,>Range
25/10/21 17:39:24,>Range,>Range,1576.2,>Range
25/10/21 17:39:25,>Range,>Range,1530.2,>Range
25/10/21 17:39:26,>Range,>Range,1487.4,>Range
25/10/21 17:39:27,>Range,>Range,1449.9,>Range
25/10/21 17:39:28,>Range,>Range,1412.7,>Range
25/10/21 17:39:29,>Range,>Range,1372.7,>Range
25/10/21 17:39:30,>Range,>Range,1334,>Range
25/10/21 17:39:31,>Range,>Range,1300.7,>Range
25/10/21 17:39:32,>Range,>Range,1276.5,>Range
25/10/21 17:39:33,>Range,>Range,1246.5,>Range
25/10/21 17:39:34,>Range,>Range,1217.3,>Range
25/10/21 17:39:35,>Range,>Range,1191.3,>Range
25/10/21 17:39:36,>Range,>Range,1156.7,>Range
25/10/21 17:39:37,>Range,>Range,1125.5,>Range
25/10/21 17:39:38,>Range,>Range,1100,>Range
25/10/21 17:39:39,>Range,>Range,1073.5,>Range
25/10/21 17:39:40,>Range,>Range,1049.4,>Range
25/10/21 17:39:41,>Range,>Range,1027.9,>Range
25/10/21 17:39:42,>Range,>Range,1012.3,>Range
25/10/21 17:39:43,>Range,>Range,994.6,>Range
25/10/21 17:39:44,>Range,>Range,976.1,>Range
25/10/21 17:39:45,>Range,>Range,959.1,>Range
25/10/21 17:39:46,>Range,>Range,947.4,>Range
25/10/21 17:39:47,>Range,>Range,941.2,>Range
25/10/21 17:39:48,>Range,>Range,933,>Range
25/10/21 17:39:49,>Range,>Range,921.5,>Range
25/10/21 17:39:50,>Range,>Range,908.5,>Range
25/10/21 17:39:51,>Range,>Range,895.6,>Range
25/10/21 17:39:52,>Range,>Range,879.6,>Range
25/10/21 17:39:53,>Range,>Range,862.2,>Range
25/10/21 17:39:54,>Range,>Range,846.2,>Range
25/10/21 17:39:55,>Range,>Range,836.3,>Range
25/10/21 17:39:56,>Range,>Range,827.1,>Range
25/10/21 17:39:57,>Range,>Range,817.2,>Range
25/10/21 17:39:58,>Range,>Range,806.6,>Range
25/10/21 17:39:59,>Range,>Range,796.1,>Range
25/10/21 17:40:00,>Range,>Range,786.8,>Range
25/10/21 17:40:01,>Range,>Range,778.9,>Range
25/10/21 17:40:02,>Range,>Range,768.8,>Range
25/10/21 17:40:03,>Range,>Range,760.3,>Range
25/10/21 17:40:04,>Range,>Range,752.7,>Range
25/10/21 17:40:05,>Range,>Range,741.6,>Range
25/10/21 17:40:06,>Range,>Range,731.4,>Range
25/10/21 17:40:07,>Range,>Range,723.1,>Range
25/10/21 17:40:08,>Range,>Range,716.9,>Range
25/10/21 17:40:09,>Range,>Range,710,>Range
25/10/21 17:40:10,>Range,>Range,703.1,>Range
25/10/21 17:40:11,>Range,>Range,695.8,>Range
25/10/21 17:40:12,>Range,>Range,691,>Range
25/10/21 17:40:13,>Range,>Range,685,>Range
25/10/21 17:40:14,>Range,>Range,680.5,>Range
25/10/21 17:40:15,>Range,>Range,670.5,>Range
25/10/21 17:40:16,>Range,>Range,665.1,>Range
25/10/21 17:40:17,>Range,>Range,662.6,>Range
25/10/21 17:40:18,>Range,>Range,663.7,>Range
25/10/21 17:40:19,>Range,>Range,662.5,>Range
25/10/21 17:40:20,>Range,>Range,663.9,>Range
25/10/21 17:40:21,>Range,>Range,662.2,>Range
25/10/21 17:40:22,>Range,>Range,660.9,>Range
25/10/21 17:40:23,>Range,>Range,657.7,>Range
25/10/21 17:40:24,>Range,>Range,655.9,>Range
25/10/21 17:40:25,>Range,>Range,652.6,>Range
25/10/21 17:40:26,>Range,>Range,646.7,>Range
25/10/21 17:40:27,>Range,>Range,643,>Range
25/10/21 17:40:28,>Range,>Range,639.8,>Range
25/10/21 17:40:29,>Range,>Range,634.6,>Range
25/10/21 17:40:30,>Range,>Range,628.6,>Range
25/10/21 17:40:31,>Range,>Range,623.8,>Range
25/10/21 17:40:32,>Range,>Range,620.5,>Range
25/10/21 17:40:33,>Range,>Range,614.4,>Range
25/10/21 17:40:34,>Range,>Range,609.9,>Range
25/10/21 17:40:35,>Range,>Range,605.1,>Range
25/10/21 17:40:36,>Range,>Range,601.8,>Range
25/10/21 17:40:37,>Range,>Range,600.4,>Range
25/10/21 17:40:38,>Range,>Range,599.6,>Range
25/10/21 17:40:39,>Range,>Range,599.1,>Range
25/10/21 17:40:40,>Range,>Range,600,>Range
25/10/21 17:40:41,>Range,>Range,604.3,>Range
25/10/21 17:40:42,>Range,>Range,603.1,>Range
25/10/21 17:40:43,>Range,>Range,596.4,>Range
25/10/21 17:40:44,>Range,>Range,588.8,>Range
25/10/21 17:40:45,>Range,>Range,581.2,>Range
25/10/21 17:40:46,>Range,>Range,575.4,>Range
25/10/21 17:40:47,>Range,>Range,572.4,>Range
25/10/21 17:40:48,>Range,>Range,568.7,>Range
25/10/21 17:40:49,>Range,>Range,564.2,>Range
25/10/21 17:40:50,>Range,>Range,562.2,>Range
25/10/21 17:40:51,>Range,>Range,561,>Range
25/10/21 17:40:52,>Range,>Range,559.3,>Range
25/10/21 17:40:53,>Range,>Range,555,>Range
25/10/21 17:40:54,>Range,>Range,552.9,>Range
25/10/21 17:40:55,>Range,>Range,551.9,>Range
25/10/21 17:40:56,>Range,>Range,550.4,>Range
25/10/21 17:40:57,>Range,>Range,546.1,>Range
25/10/21 17:40:58,>Range,>Range,540.1,>Range
25/10/21 17:40:59,>Range,>Range,535,>Range
25/10/21 17:41:00,>Range,>Range,528.6,>Range
25/10/21 17:41:01,>Range,>Range,524.6,>Range
25/10/21 17:41:02,>Range,>Range,521.4,>Range
25/10/21 17:41:03,>Range,>Range,517,>Range
25/10/21 17:41:04,>Range,>Range,513,>Range
25/10/21 17:41:05,>Range,>Range,508.7,>Range
25/10/21 17:41:06,>Range,>Range,505.2,>Range
25/10/21 17:41:07,>Range,>Range,502.7,>Range
25/10/21 17:41:08,>Range,>Range,497.2,>Range
25/10/21 17:41:09,>Range,>Range,489.6,>Range
25/10/21 17:41:10,>Range,>Range,485.5,>Range
25/10/21 17:41:11,>Range,>Range,484.1,>Range
25/10/21 17:41:12,>Range,>Range,482.5,>Range
25/10/21 17:41:13,>Range,>Range,477.8,>Range
25/10/21 17:41:14,>Range,>Range,475.2,>Range
25/10/21 17:41:15,>Range,>Range,469.2,>Range
25/10/21 17:41:16,>Range,>Range,466.7,>Range
25/10/21 17:41:17,>Range,>Range,462.4,>Range
25/10/21 17:41:18,>Range,>Range,456.1,>Range
25/10/21 17:41:19,>Range,>Range,448.4,>Range
25/10/21 17:41:20,>Range,>Range,440.6,>Range
25/10/21 17:41:21,>Range,>Range,436.5,>Range
25/10/21 17:41:22,>Range,>Range,434.5,>Range
25/10/21 17:41:23,>Range,>Range,433.6,>Range
25/10/21 17:41:24,>Range,>Range,429.7,>Range
25/10/21 17:41:25,>Range,>Range,426.1,>Range
25/10/21 17:41:26,>Range,>Range,424.7,>Range
25/10/21 17:41:27,>Range,>Range,422.4,>Range
25/10/21 17:41:28,>Range,>Range,417.9,>Range
25/10/21 17:41:29,>Range,>Range,415.8,>Range
25/10/21 17:41:30,>Range,>Range,410.8,>Range
25/10/21 17:41:31,>Range,>Range,407.2,>Range
25/10/21 17:41:32,>Range,>Range,405.1,>Range
25/10/21 17:41:33,>Range,>Range,403.6,>Range
25/10/21 17:41:34,>Range,>Range,399.1,>Range
25/10/21 17:41:35,>Range,>Range,396.6,>Range
25/10/21 17:41:36,>Range,>Range,394.6,>Range
25/10/21 17:41:37,>Range,>Range,393.4,>Range
25/10/21 17:41:38,>Range,>Range,392.4,>Range
25/10/21 17:41:39,>Range,>Range,392.6,>Range
25/10/21 17:41:40,>Range,>Range,389,>Range
25/10/21 17:41:41,>Range,>Range,385.2,>Range
25/10/21 17:41:42,>Range,>Range,383,>Range
25/10/21 17:41:43,>Range,>Range,378.6,>Range
25/10/21 17:41:44,>Range,>Range,373.1,>Range
25/10/21 17:41:45,>Range,>Range,368.1,>Range
25/10/21 17:41:46,>Range,>Range,365.5,>Range
25/10/21 17:41:47,>Range,>Range,364.2,>Range
25/10/21 17:41:48,>Range,>Range,362,>Range
25/10/21 17:41:49,>Range,>Range,361.2,>Range
25/10/21 17:41:50,>Range,>Range,356.2,>Range
25/10/21 17:41:51,>Range,>Range,354.2,>Range
25/10/21 17:41:52,>Range,>Range,354,>Range
25/10/21 17:41:53,>Range,>Range,353.6,>Range
25/10/21 17:41:54,>Range,>Range,353.6,>Range
25/10/21 17:41:55,>Range,>Range,353.1,>Range
25/10/21 17:41:56,>Range,>Range,353.1,>Range
25/10/21 17:41:57,>Range,>Range,350.8,>Range
25/10/21 17:41:58,>Range,>Range,347.3,>Range
25/10/21 17:41:59,>Range,>Range,343.5,>Range
25/10/21 17:42:00,>Range,>Range,337.7,>Range
25/10/21 17:42:01,>Range,>Range,333.8,>Range
25/10/21 17:42:02,>Range,>Range,329.8,>Range
25/10/21 17:42:03,>Range,>Range,328.6,>Range
25/10/21 17:42:04,>Range,>Range,330.7,>Range
25/10/21 17:42:05,>Range,>Range,327.9,>Range
25/10/21 17:42:06,>Range,>Range,325.9,>Range
25/10/21 17:42:07,>Range,>Range,325.1,>Range
25/10/21 17:42:08,>Range,>Range,324.3,>Range
25/10/21 17:42:09,>Range,>Range,323.7,>Range
25/10/21 17:42:10,>Range,>Range,323.5,>Range
25/10/21 17:42:11,>Range,>Range,320.9,>Range
25/10/21 17:42:12,>Range,>Range,318.6,>Range
25/10/21 17:42:13,>Range,>Range,316.7,>Range
25/10/21 17:42:14,>Range,>Range,315.3,>Range
25/10/21 17:42:15,>Range,>Range,310.8,>Range
25/10/21 17:42:16,>Range,>Range,308.4,>Range
25/10/21 17:42:17,>Range,>Range,307.2,>Range
25/10/21 17:42:18,>Range,>Range,304.4,>Range
25/10/21 17:42:19,>Range,>Range,300.1,>Range
25/10/21 17:42:20,>Range,>Range,297.4,>Range
25/10/21 17:42:21,>Range,>Range,292.4,>Range
25/10/21 17:42:22,>Range,>Range,289.2,>Range
25/10/21 17:42:23,>Range,>Range,287.4,>Range
25/10/21 17:42:24,>Range,>Range,282.6,>Range
25/10/21 17:42:25,>Range,>Range,283,>Range
25/10/21 17:42:26,>Range,>Range,282.1,>Range
25/10/21 17:42:27,>Range,>Range,279.9,>Range
25/10/21 17:42:28,>Range,>Range,277.8,>Range
25/10/21 17:42:29,>Range,>Range,276.4,>Range
25/10/21 17:42:30,>Range,>Range,275.7,>Range
25/10/21 17:42:31,>Range,>Range,275.7,>Range
25/10/21 17:42:32,>Range,>Range,275.4,>Range
25/10/21 17:42:33,>Range,>Range,275.5,>Range
25/10/21 17:42:34,>Range,>Range,275.2,>Range
25/10/21 17:42:35,>Range,>Range,274.4,>Range
25/10/21 17:42:36,>Range,>Range,274.8,>Range
25/10/21 17:42:37,>Range,>Range,274.6,>Range
25/10/21 17:42:38,>Range,>Range,274.6,>Range
25/10/21 17:42:39,>Range,>Range,275.8,>Range
25/10/21 17:42:40,>Range,>Range,279.2,>Range
25/10/21 17:42:41,>Range,>Range,282.1,>Range
25/10/21 17:42:42,>Range,>Range,283.9,>Range
25/10/21 17:42:43,>Range,>Range,284,>Range
25/10/21 17:42:44,>Range,>Range,286.7,>Range
25/10/21 17:42:45,>Range,>Range,286,>Range
25/10/21 17:42:46,>Range,>Range,285,>Range
25/10/21 17:42:47,>Range,>Range,285.1,>Range
25/10/21 17:42:48,>Range,>Range,283.3,>Range
25/10/21 17:42:49,>Range,>Range,279.2,>Range
25/10/21 17:42:50,>Range,>Range,274.4,>Range
25/10/21 17:42:51,>Range,>Range,271.9,>Range
25/10/21 17:42:52,>Range,>Range,269,>Range
25/10/21 17:42:53,>Range,>Range,267.6,>Range
25/10/21 17:42:54,>Range,>Range,266.5,>Range
25/10/21 17:42:55,>Range,>Range,265.9,>Range
25/10/21 17:42:56,>Range,>Range,268.2,>Range
25/10/21 17:42:57,>Range,>Range,271.7,>Range
25/10/21 17:42:58,>Range,>Range,273.2,>Range
25/10/21 17:42:59,>Range,>Range,274.3,>Range
25/10/21 17:43:00,>Range,>Range,274.4,>Range
25/10/21 17:43:01,>Range,>Range,275,>Range
25/10/21 17:43:02,>Range,>Range,276.3,>Range
25/10/21 17:43:03,>Range,>Range,275.9,>Range
25/10/21 17:43:04,>Range,>Range,275.5,>Range
25/10/21 17:43:05,>Range,>Range,274.4,>Range
25/10/21 17:43:06,>Range,>Range,269.7,>Range
25/10/21 17:43:07,>Range,>Range,267.5,>Range
25/10/21 17:43:08,>Range,>Range,268.3,>Range
25/10/21 17:43:09,>Range,>Range,267.4,>Range
25/10/21 17:43:10,>Range,>Range,269.6,>Range
25/10/21 17:43:11,>Range,>Range,267.4,>Range
25/10/21 17:43:12,>Range,>Range,268.8,>Range
25/10/21 17:43:13,>Range,>Range,272,>Range
25/10/21 17:43:14,>Range,>Range,272,>Range
25/10/21 17:43:15,>Range,>Range,268.9,>Range
25/10/21 17:43:16,>Range,>Range,266.8,>Range
25/10/21 17:43:17,>Range,>Range,266.2,>Range
25/10/21 17:43:18,>Range,>Range,265.4,>Range
25/10/21 17:43:19,>Range,>Range,265.8,>Range
25/10/21 17:43:20,>Range,>Range,265.5,>Range
25/10/21 17:43:21,>Range,>Range,267.5,>Range
25/10/21 17:43:22,>Range,>Range,267.9,>Range
25/10/21 17:43:23,>Range,>Range,267.3,>Range
25/10/21 17:43:24,>Range,>Range,266.6,>Range
25/10/21 17:43:25,>Range,>Range,268.5,>Range
25/10/21 17:43:26,>Range,>Range,266.5,>Range
25/10/21 17:43:27,>Range,>Range,266.1,>Range
25/10/21 17:43:28,>Range,>Range,265.7,>Range
25/10/21 17:43:29,>Range,>Range,265.2,>Range
25/10/21 17:43:30,>Range,>Range,264.7,>Range
25/10/21 17:43:31,>Range,>Range,265,>Range
25/10/21 17:43:32,>Range,>Range,265,>Range
25/10/21 17:43:33,>Range,>Range,265.2,>Range
25/10/21 17:43:34,>Range,>Range,265.6,>Range
25/10/21 17:43:35,>Range,>Range,265.5,>Range
25/10/21 17:43:36,>Range,>Range,264.4,>Range
25/10/21 17:43:37,>Range,>Range,264.1,>Range
25/10/21 17:43:38,>Range,>Range,263.6,>Range
25/10/21 17:43:39,>Range,>Range,260.6,>Range
25/10/21 17:43:40,>Range,>Range,257.9,>Range
25/10/21 17:43:41,>Range,>Range,256,>Range
25/10/21 17:43:42,>Range,>Range,256,>Range
25/10/21 17:43:43,>Range,>Range,259.8,>Range
25/10/21 17:43:44,>Range,>Range,260,>Range
25/10/21 17:43:45,>Range,>Range,257.3,>Range
25/10/21 17:43:46,>Range,>Range,256.3,>Range
25/10/21 17:43:47,>Range,>Range,255.7,>Range
25/10/21 17:43:48,>Range,>Range,291.2,>Range
25/10/21 17:43:49,>Range,>Range,444.4,>Range
25/10/21 17:43:50,>Range,>Range,663.9,>Range
25/10/21 17:43:51,>Range,>Range,933.5,>Range
25/10/21 17:43:52,>Range,>Range,1182.5,>Range
25/10/21 17:43:53,>Range,>Range,1375.1,>Range
25/10/21 17:43:54,>Range,>Range,1490.5,>Range
25/10/21 17:43:55,>Range,>Range,1537.1,>Range
25/10/21 17:43:56,>Range,>Range,1537.2,>Range
25/10/21 17:43:57,>Range,>Range,1509.7,>Range
25/10/21 17:43:58,>Range,>Range,1463.4,>Range
25/10/21 17:43:59,>Range,>Range,1385.8,>Range
25/10/21 17:44:00,>Range,>Range,1298.6,>Range
25/10/21 17:44:01,>Range,>Range,1207.2,>Range
25/10/21 17:44:02,>Range,>Range,1133.2,>Range
25/10/21 17:44:03,>Range,>Range,1049.1,>Range
25/10/21 17:44:04,>Range,>Range,963.1,>Range
25/10/21 17:44:05,>Range,>Range,890.3,>Range
25/10/21 17:44:06,>Range,>Range,817.8,>Range
25/10/21 17:44:07,>Range,>Range,752.7,>Range
25/10/21 17:44:08,>Range,>Range,732.9,>Range
25/10/21 17:44:09,>Range,>Range,899.9,>Range
25/10/21 17:44:10,>Range,>Range,1237.6,>Range
25/10/21 17:44:11,>Range,>Range,1644,>Range
25/10/21 17:44:12,>Range,>Range,1976.3,>Range
25/10/21 17:44:13,>Range,>Range,2187.4,>Range
25/10/21 17:44:14,>Range,>Range,2318.1,>Range
25/10/21 17:44:15,>Range,>Range,2371.2,>Range
25/10/21 17:44:16,>Range,>Range,2348.2,>Range
25/10/21 17:44:17,>Range,>Range,2290.5,>Range
25/10/21 17:44:18,>Range,>Range,2214.1,>Range
25/10/21 17:44:19,>Range,>Range,2130.8,>Range
25/10/21 17:44:20,>Range,>Range,2027.8,>Range
25/10/21 17:44:21,>Range,>Range,1912,>Range
25/10/21 17:44:22,>Range,>Range,1816.9,>Range
25/10/21 17:44:23,>Range,>Range,1718.8,>Range
25/10/21 17:44:24,>Range,>Range,1619.2,>Range
25/10/21 17:44:25,>Range,>Range,1534.2,>Range
25/10/21 17:44:26,>Range,>Range,1440.4,>Range
25/10/21 17:44:27,>Range,>Range,1356,>Range
25/10/21 17:44:28,>Range,>Range,1274,>Range
25/10/21 17:44:29,>Range,>Range,1191.9,>Range
25/10/21 17:44:30,>Range,>Range,1120.1,>Range
25/10/21 17:44:31,>Range,>Range,1057.1,>Range
25/10/21 17:44:32,>Range,>Range,992.1,>Range
25/10/21 17:44:33,>Range,>Range,934.4,>Range
25/10/21 17:44:34,>Range,>Range,878.8,>Range
25/10/21 17:44:35,>Range,>Range,830.5,>Range
25/10/21 17:44:36,>Range,>Range,794.8,>Range
25/10/21 17:44:37,>Range,>Range,758.8,>Range
25/10/21 17:44:38,>Range,>Range,722.8,>Range
25/10/21 17:44:39,>Range,>Range,685.8,>Range
25/10/21 17:44:40,>Range,>Range,654.7,>Range
25/10/21 17:44:41,>Range,>Range,628.5,>Range
25/10/21 17:44:42,>Range,>Range,603.4,>Range
25/10/21 17:44:43,>Range,>Range,581,>Range
25/10/21 17:44:44,>Range,>Range,560.5,>Range
25/10/21 17:44:45,>Range,>Range,536.4,>Range
25/10/21 17:44:46,>Range,>Range,511.1,>Range
25/10/21 17:44:47,>Range,>Range,490.5,>Range
25/10/21 17:44:48,>Range,>Range,474.5,>Range
25/10/21 17:44:49,>Range,>Range,456.9,>Range
25/10/21 17:44:50,>Range,>Range,439.3,>Range
25/10/21 17:44:51,>Range,>Range,425.4,>Range
25/10/21 17:44:52,>Range,>Range,409,>Range
25/10/21 17:44:53,>Range,>Range,396.3,>Range
25/10/21 17:44:54,>Range,>Range,385.7,>Range
25/10/21 17:44:55,>Range,>Range,378.4,>Range
25/10/21 17:44:56,>Range,>Range,366.7,>Range
25/10/21 17:44:57,>Range,>Range,349.3,>Range
25/10/21 17:44:58,>Range,>Range,324.7,>Range
25/10/21 17:44:59,>Range,>Range,280.5,>Range
25/10/21 17:45:00,>Range,>Range,138.6,>Range
25/10/21 17:45:01,>Range,>Range,58.7,>Range
25/10/21 17:45:02,>Range,>Range,16.7,>Range
25/10/21 17:45:03,>Range,>Range,-5.1,>Range
25/10/21 17:45:04,>Range,>Range,-16.5,>Range
25/10/21 17:45:05,>Range,>Range,-22.2,>Range
25/10/21 17:45:06,>Range,>Range,-25.5,>Range
25/10/21 17:45:07,>Range,>Range,-27.5,>Range
25/10/21 17:45:08,>Range,>Range,-28.4,>Range
25/10/21 17:45:09,>Range,>Range,-28.4,>Range
25/10/21 17:45:10,>Range,>Range,-28.1,>Range
25/10/21 17:45:11,>Range,>Range,-28.7,>Range
25/10/21 17:45:12,>Range,>Range,-28.8,>Range
25/10/21 17:45:13,>Range,>Range,-28.7,>Range
25/10/21 17:45:14,>Range,>Range,-28.8,>Range
25/10/21 17:45:15,>Range,>Range,-27.9,>Range
25/10/21 17:45:16,>Range,>Range,123.6,>Range
25/10/21 17:45:17,>Range,>Range,359.2,>Range
25/10/21 17:45:18,>Range,>Range,601.3,>Range
25/10/21 17:45:19,>Range,>Range,798.7,>Range
25/10/21 17:45:20,>Range,>Range,907.7,>Range
25/10/21 17:45:21,>Range,>Range,920.7,>Range
25/10/21 17:45:22,>Range,>Range,868.2,>Range
25/10/21 17:45:23,>Range,>Range,784.3,>Range
25/10/21 17:45:24,>Range,>Range,682.9,>Range
25/10/21 17:45:25,>Range,>Range,571.7,>Range
25/10/21 17:45:26,>Range,>Range,466.4,>Range
25/10/21 17:45:27,>Range,>Range,350.9,>Range
25/10/21 17:45:28,>Range,>Range,173.3,>Range
25/10/21 17:45:29,>Range,>Range,76.4,>Range
25/10/21 17:45:30,>Range,>Range,26.7,>Range
25/10/21 17:45:31,>Range,>Range,0.5,>Range
25/10/21 17:45:32,>Range,>Range,-13.6,>Range
25/10/21 17:45:33,>Range,>Range,-20.9,>Range
25/10/21 17:45:34,>Range,>Range,-24.4,>Range
25/10/21 17:45:35,>Range,>Range,-26.4,>Range
25/10/21 17:45:36,>Range,>Range,-28.1,>Range
25/10/21 17:45:37,>Range,>Range,-28.8,>Range
25/10/21 17:45:38,>Range,>Range,-29.4,>Range
25/10/21 17:45:39,>Range,>Range,-29.2,>Range
25/10/21 17:45:40,>Range,>Range,-29.1,>Range
25/10/21 17:45:41,>Range,>Range,-29.3,>Range
25/10/21 17:45:42,>Range,>Range,-28.9,>Range
25/10/21 17:45:43,>Range,>Range,-28.8,>Range
25/10/21 17:45:44,>Range,>Range,-28.6,>Range
25/10/21 17:45:45,>Range,>Range,-28.5,>Range
25/10/21 17:45:46,>Range,>Range,-28.2,>Range
25/10/21 17:45:47,>Range,>Range,-28.2,>Range
25/10/21 17:45:48,>Range,>Range,-28,>Range
25/10/21 17:45:49,>Range,>Range,-29.1,>Range
25/10/21 17:45:50,>Range,>Range,-28.9,>Range
25/10/21 17:45:51,>Range,>Range,-28.8,>Range
25/10/21 17:45:52,>Range,>Range,-28.6,>Range
25/10/21 17:45:53,>Range,>Range,-28.5,>Range
25/10/21 17:45:54,>Range,>Range,-28.8,>Range
25/10/21 17:45:55,>Range,>Range,-28.8,>Range
25/10/21 17:45:56,>Range,>Range,-28.6,>Range
25/10/21 17:45:57,>Range,>Range,-28.9,>Range
25/10/21 17:45:58,>Range,>Range,-29.3,>Range
25/10/21 17:45:59,>Range,>Range,-29.5,>Range
25/10/21 17:46:00,>Range,>Range,-29.6,>Range
25/10/21 17:46:01,>Range,>Range,-29.2,>Range
25/10/21 17:46:02,>Range,>Range,-29.2,>Range
25/10/21 17:46:03,>Range,>Range,-29,>Range
25/10/21 17:46:04,>Range,>Range,-28.9,>Range
25/10/21 17:46:05,>Range,>Range,-28.9,>Range
25/10/21 17:46:06,>Range,>Range,-29.1,>Range
25/10/21 17:46:07,>Range,>Range,-29,>Range
25/10/21 17:46:08,>Range,>Range,-29,>Range
25/10/21 17:46:09,>Range,>Range,-29.2,>Range
25/10/21 17:46:10,>Range,>Range,-29.4,>Range
25/10/21 17:46:11,>Range,>Range,-29.4,>Range
25/10/21 17:46:12,>Range,>Range,-29.1,>Range
25/10/21 17:46:13,>Range,>Range,-28.6,>Range
25/10/21 17:46:14,>Range,>Range,-28.8,>Range
25/10/21 17:46:15,>Range,>Range,-28.6,>Range
25/10/21 17:46:16,>Range,>Range,-28.7,>Range
25/10/21 17:46:17,>Range,>Range,-29,>Range
25/10/21 17:46:18,>Range,>Range,-28.5,>Range
25/10/21 17:46:19,>Range,>Range,-28.7,>Range
25/10/21 17:46:20,>Range,>Range,-28.6,>Range
25/10/21 17:46:21,>Range,>Range,-28.8,>Range
25/10/21 17:46:22,>Range,>Range,-28.9,>Range
25/10/21 17:46:23,>Range,>Range,-28.6,>Range
25/10/21 17:46:24,>Range,>Range,-28,>Range
25/10/21 17:46:25,>Range,>Range,-28.5,>Range
25/10/21 17:46:26,>Range,>Range,-29.3,>Range
25/10/21 17:46:27,>Range,>Range,-28.7,>Range
25/10/21 17:46:28,>Range,>Range,-28.9,>Range
25/10/21 17:46:29,>Range,>Range,-29,>Range
25/10/21 17:46:30,>Range,>Range,-29.3,>Range
25/10/21 17:46:31,>Range,>Range,-29,>Range
25/10/21 17:46:32,>Range,>Range,-28.4,>Range
25/10/21 17:46:33,>Range,>Range,-28.3,>Range
25/10/21 17:46:34,>Range,>Range,-28.6,>Range
25/10/21 17:46:35,>Range,>Range,-28.8,>Range
25/10/21 17:46:36,>Range,>Range,-29.2,>Range
25/10/21 17:46:37,>Range,>Range,-29.1,>Range
25/10/21 17:46:38,>Range,>Range,-29.2,>Range
25/10/21 17:46:39,>Range,>Range,-29.7,>Range
25/10/21 17:46:40,>Range,>Range,-30.2,>Range
25/10/21 17:46:41,>Range,>Range,-29.5,>Range
25/10/21 17:46:42,>Range,>Range,-30.1,>Range
25/10/21 17:46:43,>Range,>Range,-29.6,>Range
25/10/21 17:46:44,>Range,>Range,-30.2,>Range
25/10/21 17:46:45,>Range,>Range,-30.5,>Range
25/10/21 17:46:46,>Range,>Range,-30,>Range
25/10/21 17:46:47,>Range,>Range,-29.6,>Range
25/10/21 17:46:48,>Range,>Range,-29.8,>Range
25/10/21 17:46:49,>Range,>Range,-29.8,>Range
25/10/21 17:46:50,>Range,>Range,-29.6,>Range
25/10/21 17:46:51,>Range,>Range,-29.9,>Range
25/10/21 17:46:52,>Range,>Range,-29.7,>Range
25/10/21 17:46:53,>Range,>Range,-29.4,>Range
25/10/21 17:46:54,>Range,>Range,-29.2,>Range
25/10/21 17:46:55,>Range,>Range,-30,>Range
25/10/21 17:46:56,>Range,>Range,-29.5,>Range
25/10/21 17:46:57,>Range,>Range,-29.9,>Range
25/10/21 17:46:58,>Range,>Range,-30.6,>Range
25/10/21 17:46:59,>Range,>Range,-30.6,>Range
25/10/21 17:47:00,>Range,>Range,-30.7,>Range
25/10/21 17:47:01,>Range,>Range,-30.2,>Range
25/10/21 17:47:02,>Range,>Range,-30.2,>Range
25/10/21 17:47:03,>Range,>Range,-30.1,>Range
25/10/21 17:47:04,>Range,>Range,-30.4,>Range
25/10/21 17:47:05,>Range,>Range,-30.3,>Range
25/10/21 17:47:06,>Range,>Range,-30.3,>Range
25/10/21 17:47:07,>Range,>Range,-29.8,>Range
25/10/21 17:47:08,>Range,>Range,-29.7,>Range
25/10/21 17:47:09,>Range,>Range,-30.6,>Range
25/10/21 17:47:10,>Range,>Range,-29.7,>Range
25/10/21 17:47:11,>Range,>Range,-30.1,>Range
25/10/21 17:47:12,>Range,>Range,-29.9,>Range
25/10/21 17:47:13,>Range,>Range,-29.8,>Range
25/10/21 17:47:14,>Range,>Range,-30,>Range
25/10/21 17:47:15,>Range,>Range,-30,>Range
25/10/21 17:47:16,>Range,>Range,-29.8,>Range
25/10/21 17:47:17,>Range,>Range,-29.7,>Range
25/10/21 17:47:18,>Range,>Range,-30,>Range
25/10/21 17:47:19,>Range,>Range,-31,>Range
25/10/21 17:47:20,>Range,>Range,-30.8,>Range
25/10/21 17:47:21,>Range,>Range,-30.9,>Range
25/10/21 17:47:22,>Range,>Range,-30.8,>Range
25/10/21 17:47:23,>Range,>Range,-30.3,>Range
25/10/21 17:47:24,>Range,>Range,-29.7,>Range
25/10/21 17:47:25,>Range,>Range,-29.3,>Range
25/10/21 17:47:26,>Range,>Range,-29.8,>Range
25/10/21 17:47:27,>Range,>Range,-29.4,>Range
25/10/21 17:47:28,>Range,>Range,-29.7,>Range
25/10/21 17:47:29,>Range,>Range,-30,>Range
25/10/21 17:47:30,>Range,>Range,-30.5,>Range
25/10/21 17:47:31,>Range,>Range,-30.2,>Range
25/10/21 17:47:32,>Range,>Range,-30.2,>Range
25/10/21 17:47:33,>Range,>Range,-30.5,>Range
25/10/21 17:47:34,>Range,>Range,-30.5,>Range
25/10/21 17:47:35,>Range,>Range,-30.2,>Range
25/10/21 17:47:36,>Range,>Range,-29.6,>Range
25/10/21 17:47:37,>Range,>Range,-29.7,>Range
25/10/21 17:47:38,>Range,>Range,-29.8,>Range
25/10/21 17:47:39,>Range,>Range,-29.8,>Range
25/10/21 17:47:40,>Range,>Range,-29.9,>Range
25/10/21 17:47:41,>Range,>Range,-29.7,>Range
25/10/21 17:47:42,>Range,>Range,-29.9,>Range
25/10/21 17:47:43,>Range,>Range,-30,>Range
25/10/21 17:47:44,>Range,>Range,-29.4,>Range
25/10/21 17:47:45,>Range,>Range,-29.7,>Range
25/10/21 17:47:46,>Range,>Range,-29.4,>Range
25/10/21 17:47:47,>Range,>Range,-29.7,>Range
25/10/21 17:47:48,>Range,>Range,-29.4,>Range
25/10/21 17:47:49,>Range,>Range,-30.3,>Range
25/10/21 17:47:50,>Range,>Range,-30.3,>Range
25/10/21 17:47:51,>Range,>Range,-29.2,>Range
25/10/21 17:47:52,>Range,>Range,-29,>Range
25/10/21 17:47:53,>Range,>Range,-28.8,>Range
25/10/21 17:47:54,>Range,>Range,-28.7,>Range
25/10/21 17:47:55,>Range,>Range,-28.7,>Range
25/10/21 17:47:56,>Range,>Range,-28.8,>Range
25/10/21 17:47:57,>Range,>Range,-29.3,>Range
25/10/21 17:47:58,>Range,>Range,-29.3,>Range
25/10/21 17:47:59,>Range,>Range,-29.1,>Range
25/10/21 17:48:00,>Range,>Range,-29.5,>Range
25/10/21 17:48:01,>Range,>Range,-29.7,>Range
25/10/21 17:48:02,>Range,>Range,-29.1,>Range
25/10/21 17:48:03,>Range,>Range,-29.1,>Range
25/10/21 17:48:04,>Range,>Range,-29.2,>Range
25/10/21 17:48:05,>Range,>Range,-29,>Range
25/10/21 17:48:06,>Range,>Range,-29.8,>Range
25/10/21 17:48:07,>Range,>Range,-29.4,>Range
25/10/21 17:48:08,>Range,>Range,-29.2,>Range
25/10/21 17:48:09,>Range,>Range,-29.3,>Range
25/10/21 17:48:10,>Range,>Range,-29.6,>Range
25/10/21 17:48:11,>Range,>Range,-29.6,>Range
25/10/21 17:48:12,>Range,>Range,-29.4,>Range
25/10/21 17:48:13,>Range,>Range,-29.2,>Range
25/10/21 17:48:14,>Range,>Range,-29.5,>Range
25/10/21 17:48:15,>Range,>Range,-29.7,>Range
25/10/21 17:48:16,>Range,>Range,-29.7,>Range
25/10/21 17:48:17,>Range,>Range,-29.7,>Range
25/10/21 17:48:18,>Range,>Range,-30.1,>Range
25/10/21 17:48:19,>Range,>Range,-30.1,>Range
25/10/21 17:48:20,>Range,>Range,-29.6,>Range
25/10/21 17:48:21,>Range,>Range,-29.2,>Range
25/10/21 17:48:22,>Range,>Range,-29.4,>Range
25/10/21 17:48:23,>Range,>Range,-29.2,>Range
25/10/21 17:48:24,>Range,>Range,-29.3,>Range
25/10/21 17:48:25,>Range,>Range,-29.2,>Range
25/10/21 17:48:26,>Range,>Range,-29.6,>Range
25/10/21 17:48:27,>Range,>Range,-29.5,>Range
25/10/21 17:48:28,>Range,>Range,-29.6,>Range
25/10/21 17:48:29,>Range,>Range,-29.3,>Range
25/10/21 17:48:30,>Range,>Range,-29.4,>Range
25/10/21 17:48:31,>Range,>Range,-29.4,>Range
25/10/21 17:48:32,>Range,>Range,-29.5,>Range
25/10/21 17:48:33,>Range,>Range,-29.1,>Range
25/10/21 17:48:34,>Range,>Range,-29.4,>Range
25/10/21 17:48:35,>Range,>Range,-29.2,>Range
25/10/21 17:48:36,>Range,>Range,-29.2,>Range
25/10/21 17:48:37,>Range,>Range,-29.4,>Range
25/10/21 17:48:38,>Range,>Range,-28.7,>Range
25/10/21 17:48:39,>Range,>Range,-29.1,>Range
25/10/21 17:48:40,>Range,>Range,-29,>Range
25/10/21 17:48:41,>Range,>Range,-28.8,>Range
25/10/21 17:48:42,>Range,>Range,-29.3,>Range
25/10/21 17:48:43,>Range,>Range,-29.3,>Range
25/10/21 17:48:44,>Range,>Range,-29.2,>Range
25/10/21 17:48:45,>Range,>Range,-29.2,>Range
25/10/21 17:48:46,>Range,>Range,-29,>Range
25/10/21 17:48:47,>Range,>Range,-29,>Range
25/10/21 17:48:48,>Range,>Range,-29,>Range
25/10/21 17:48:49,>Range,>Range,-29.1,>Range
25/10/21 17:48:50,>Range,>Range,-28.8,>Range
25/10/21 17:48:51,>Range,>Range,-28.7,>Range
25/10/21 17:48:52,>Range,>Range,-28.7,>Range
25/10/21 17:48:53,>Range,>Range,-28.6,>Range
25/10/21 17:48:54,>Range,>Range,-28.2,>Range
25/10/21 17:48:55,>Range,>Range,-28.6,>Range
25/10/21 17:48:56,>Range,>Range,-28.6,>Range
25/10/21 17:48:57,>Range,>Range,-29,>Range
25/10/21 17:48:58,>Range,>Range,-29,>Range
25/10/21 17:48:59,>Range,>Range,-29,>Range
25/10/21 17:49:00,>Range,>Range,-28.6,>Range
25/10/21 17:49:01,>Range,>Range,-28.4,>Range
25/10/21 17:49:02,>Range,>Range,-28.4,>Range
25/10/21 17:49:03,>Range,>Range,-28.7,>Range
25/10/21 17:49:04,>Range,>Range,-28.7,>Range
25/10/21 17:49:05,>Range,>Range,-28.4,>Range
25/10/21 17:49:06,>Range,>Range,-28.2,>Range
25/10/21 17:49:07,>Range,>Range,-29.1,>Range
25/10/21 17:49:08,>Range,>Range,-29,>Range
25/10/21 17:49:09,>Range,>Range,-29.4,>Range
25/10/21 17:49:10,>Range,>Range,-28.8,>Range
25/10/21 17:49:11,>Range,>Range,-28.2,>Range
25/10/21 17:49:12,>Range,>Range,-28.3,>Range
25/10/21 17:49:13,>Range,>Range,-28.5,>Range
25/10/21 17:49:14,>Range,>Range,-28.6,>Range
25/10/21 17:49:15,>Range,>Range,-28.2,>Range
25/10/21 17:49:16,>Range,>Range,-28.2,>Range
25/10/21 17:49:17,>Range,>Range,-28.5,>Range
25/10/21 17:49:18,>Range,>Range,-28.7,>Range
25/10/21 17:49:19,>Range,>Range,-28.8,>Range
25/10/21 17:49:20,>Range,>Range,-28.3,>Range
25/10/21 17:49:21,>Range,>Range,-28.7,>Range
25/10/21 17:49:22,>Range,>Range,-29,>Range
25/10/21 17:49:23,>Range,>Range,-29.4,>Range
25/10/21 17:49:24,>Range,>Range,-28.8,>Range
25/10/21 17:49:25,>Range,>Range,-28,>Range
25/10/21 17:49:26,>Range,>Range,-28.4,>Range
25/10/21 17:49:27,>Range,>Range,-27.8,>Range
25/10/21 17:49:28,>Range,>Range,-27.9,>Range
25/10/21 17:49:29,>Range,>Range,-28.6,>Range
25/10/21 17:49:30,>Range,>Range,-28.3,>Range
25/10/21 17:49:31,>Range,>Range,-28.6,>Range
25/10/21 17:49:32,>Range,>Range,-28.4,>Range
25/10/21 17:49:33,>Range,>Range,-27.9,>Range
25/10/21 17:49:34,>Range,>Range,-28,>Range
25/10/21 17:49:35,>Range,>Range,-28.2,>Range
25/10/21 17:49:36,>Range,>Range,-28.7,>Range
25/10/21 17:49:37,>Range,>Range,-29.6,>Range
25/10/21 17:49:38,>Range,>Range,-29.6,>Range
25/10/21 17:49:39,>Range,>Range,-29.3,>Range
25/10/21 17:49:40,>Range,>Range,-29.1,>Range
25/10/21 17:49:41,>Range,>Range,-29.4,>Range
25/10/21 17:49:42,>Range,>Range,-29.7,>Range
25/10/21 17:49:43,>Range,>Range,-29.4,>Range
25/10/21 17:49:44,>Range,>Range,-29.4,>Range
25/10/21 17:49:45,>Range,>Range,-30,>Range
25/10/21 17:49:46,>Range,>Range,-29.7,>Range
25/10/21 17:49:47,>Range,>Range,-29.6,>Range
25/10/21 17:49:48,>Range,>Range,-29.8,>Range
25/10/21 17:49:49,>Range,>Range,-29.7,>Range
25/10/21 17:49:50,>Range,>Range,-30.1,>Range
25/10/21 17:49:51,>Range,>Range,-30.7,>Range
25/10/21 17:49:52,>Range,>Range,-29.9,>Range
25/10/21 17:49:53,>Range,>Range,-29.7,>Range
25/10/21 17:49:54,>Range,>Range,-30,>Range
25/10/21 17:49:55,>Range,>Range,-29.4,>Range
25/10/21 17:49:56,>Range,>Range,-29.9,>Range
25/10/21 17:49:57,>Range,>Range,-29.5,>Range
25/10/21 17:49:58,>Range,>Range,-29.8,>Range
25/10/21 17:49:59,>Range,>Range,-29,>Range
25/10/21 17:50:00,>Range,>Range,-29.6,>Range
25/10/21 17:50:01,>Range,>Range,-28.5,>Range
25/10/21 17:50:02,>Range,>Range,-29.6,>Range
25/10/21 17:50:03,>Range,>Range,-29,>Range
25/10/21 17:50:04,>Range,>Range,-29.3,>Range
25/10/21 17:50:05,>Range,>Range,-29.3,>Range
25/10/21 17:50:06,>Range,>Range,-28.6,>Range
25/10/21 17:50:07,>Range,>Range,-28.4,>Range
25/10/21 17:50:08,>Range,>Range,-28.9,>Range
25/10/21 17:50:09,>Range,>Range,-28.8,>Range
25/10/21 17:50:10,>Range,>Range,-28.8,>Range
25/10/21 17:50:11,>Range,>Range,-28.9,>Range
25/10/21 17:50:12,>Range,>Range,-28.8,>Range
25/10/21 17:50:13,>Range,>Range,-28.6,>Range
25/10/21 17:50:14,>Range,>Range,-28.5,>Range
25/10/21 17:50:15,>Range,>Range,-28.5,>Range
25/10/21 17:50:16,>Range,>Range,-28.5,>Range
25/10/21 17:50:17,>Range,>Range,-28.4,>Range
25/10/21 17:50:18,>Range,>Range,-28.9,>Range
25/10/21 17:50:19,>Range,>Range,-28.8,>Range
25/10/21 17:50:20,>Range,>Range,-29,>Range
25/10/21 17:50:21,>Range,>Range,-29.1,>Range
25/10/21 17:50:22,>Range,>Range,-29.2,>Range
25/10/21 17:50:23,>Range,>Range,-29,>Range
25/10/21 17:50:24,>Range,>Range,-29.1,>Range
25/10/21 17:50:25,>Range,>Range,-28.9,>Range
25/10/21 17:50:26,>Range,>Range,-29.3,>Range
25/10/21 17:50:27,>Range,>Range,-29.3,>Range
25/10/21 17:50:28,>Range,>Range,-30,>Range
25/10/21 17:50:29,>Range,>Range,-30.1,>Range
25/10/21 17:50:30,>Range,>Range,-30.3,>Range
25/10/21 17:50:31,>Range,>Range,-29.9,>Range
25/10/21 17:50:32,>Range,>Range,-30.6,>Range
25/10/21 17:50:33,>Range,>Range,-31.2,>Range
25/10/21 17:50:34,>Range,>Range,-31.1,>Range
25/10/21 17:50:35,>Range,>Range,-30.5,>Range
25/10/21 17:50:36,>Range,>Range,-30.5,>Range
25/10/21 17:50:37,>Range,>Range,-30.5,>Range
25/10/21 17:50:38,>Range,>Range,-29.8,>Range
25/10/21 17:50:39,>Range,>Range,-29.6,>Range
25/10/21 17:50:40,>Range,>Range,-30.2,>Range
25/10/21 17:50:41,>Range,>Range,-29.6,>Range
25/10/21 17:50:42,>Range,>Range,-29.8,>Range
25/10/21 17:50:43,>Range,>Range,-29.8,>Range
25/10/21 17:50:44,>Range,>Range,-29.5,>Range
25/10/21 17:50:45,>Range,>Range,-28.8,>Range
25/10/21 17:50:46,>Range,>Range,-29.3,>Range
25/10/21 17:50:47,>Range,>Range,-29.6,>Range
25/10/21 17:50:48,>Range,>Range,-29.3,>Range
25/10/21 17:50:49,>Range,>Range,-29.3,>Range
25/10/21 17:50:50,>Range,>Range,-29.1,>Range
25/10/21 17:50:51,>Range,>Range,-29.5,>Range
25/10/21 17:50:52,>Range,>Range,-29.4,>Range
25/10/21 17:50:53,>Range,>Range,-29.8,>Range
25/10/21 17:50:54,>Range,>Range,-29.7,>Range
25/10/21 17:50:55,>Range,>Range,-29.6,>Range
25/10/21 17:50:56,>Range,>Range,-29.4,>Range
25/10/21 17:50:57,>Range,>Range,-29.2,>Range
25/10/21 17:50:58,>Range,>Range,-29.6,>Range
25/10/21 17:50:59,>Range,>Range,-30.6,>Range
25/10/21 17:51:00,>Range,>Range,-30.6,>Range
25/10/21 17:51:01,>Range,>Range,-29.9,>Range
25/10/21 17:51:02,>Range,>Range,-29.7,>Range
25/10/21 17:51:03,>Range,>Range,-30,>Range
25/10/21 17:51:04,>Range,>Range,-29.8,>Range
25/10/21 17:51:05,>Range,>Range,-29.4,>Range
25/10/21 17:51:06,>Range,>Range,-29.8,>Range
25/10/21 17:51:07,>Range,>Range,-29.5,>Range
25/10/21 17:51:08,>Range,>Range,-29.4,>Range
25/10/21 17:51:09,>Range,>Range,-29.6,>Range
25/10/21 17:51:10,>Range,>Range,-30,>Range
25/10/21 17:51:11,>Range,>Range,-30.2,>Range
25/10/21 17:51:12,>Range,>Range,-30.3,>Range
25/10/21 17:51:13,>Range,>Range,-30.2,>Range
25/10/21 17:51:14,>Range,>Range,-29.5,>Range
25/10/21 17:51:15,>Range,>Range,-29.5,>Range
25/10/21 17:51:16,>Range,>Range,-29.7,>Range
25/10/21 17:51:17,>Range,>Range,-29.4,>Range
25/10/21 17:51:18,>Range,>Range,-29.3,>Range
25/10/21 17:51:19,>Range,>Range,-29.4,>Range
25/10/21 17:51:20,>Range,>Range,-29.3,>Range
25/10/21 17:51:21,>Range,>Range,-29.1,>Range
25/10/21 17:51:22,>Range,>Range,-29.3,>Range
25/10/21 17:51:23,>Range,>Range,-29.5,>Range
25/10/21 17:51:24,>Range,>Range,-29.5,>Range
25/10/21 17:51:25,>Range,>Range,-29.8,>Range
25/10/21 17:51:26,>Range,>Range,-29.1,>Range
25/10/21 17:51:27,>Range,>Range,-29.7,>Range
25/10/21 17:51:28,>Range,>Range,-30.4,>Range
25/10/21 17:51:29,>Range,>Range,-29.6,>Range
25/10/21 17:51:30,>Range,>Range,-29.9,>Range
25/10/21 17:51:31,>Range,>Range,-29.3,>Range
25/10/21 17:51:32,>Range,>Range,-29.4,>Range
25/10/21 17:51:33,>Range,>Range,-29.6,>Range
25/10/21 17:51:34,>Range,>Range,-29.6,>Range
25/10/21 17:51:35,>Range,>Range,-29.9,>Range
25/10/21 17:51:36,>Range,>Range,-30,>Range
25/10/21 17:51:37,>Range,>Range,-29.7,>Range
25/10/21 17:51:38,>Range,>Range,-29.7,>Range
25/10/21 17:51:39,>Range,>Range,-29.4,>Range
25/10/21 17:51:40,>Range,>Range,-29.2,>Range
25/10/21 17:51:41,>Range,>Range,-29.3,>Range
25/10/21 17:51:42,>Range,>Range,-29.3,>Range
25/10/21 17:51:43,>Range,>Range,-30,>Range
25/10/21 17:51:44,>Range,>Range,-29.7,>Range
25/10/21 17:51:45,>Range,>Range,-29.4,>Range
25/10/21 17:51:46,>Range,>Range,-28.9,>Range
25/10/21 17:51:47,>Range,>Range,-29.2,>Range
25/10/21 17:51:48,>Range,>Range,-29.1,>Range
25/10/21 17:51:49,>Range,>Range,-29.6,>Range
25/10/21 17:51:50,>Range,>Range,-29.8,>Range
25/10/21 17:51:51,>Range,>Range,-29.7,>Range
25/10/21 17:51:52,>Range,>Range,-29.6,>Range
25/10/21 17:51:53,>Range,>Range,-29.3,>Range
25/10/21 17:51:54,>Range,>Range,-29.1,>Range
25/10/21 17:51:55,>Range,>Range,-28.6,>Range
25/10/21 17:51:56,>Range,>Range,-28.7,>Range
25/10/21 17:51:57,>Range,>Range,-28.2,>Range
25/10/21 17:51:58,>Range,>Range,-28.1,>Range
25/10/21 17:51:59,>Range,>Range,-28.5,>Range
25/10/21 17:52:00,>Range,>Range,-29.2,>Range
25/10/21 17:52:01,>Range,>Range,-29.2,>Range
25/10/21 17:52:02,>Range,>Range,-28.9,>Range
25/10/21 17:52:03,>Range,>Range,-29,>Range
25/10/21 17:52:04,>Range,>Range,-28.9,>Range
25/10/21 17:52:05,>Range,>Range,-28.2,>Range
25/10/21 17:52:06,>Range,>Range,-27.9,>Range
25/10/21 17:52:07,>Range,>Range,-28.2,>Range
25/10/21 17:52:08,>Range,>Range,-28.4,>Range
25/10/21 17:52:09,>Range,>Range,-28.8,>Range
25/10/21 17:52:10,>Range,>Range,-28.6,>Range
25/10/21 17:52:11,>Range,>Range,-29.2,>Range
25/10/21 17:52:12,>Range,>Range,-29.2,>Range
25/10/21 17:52:13,>Range,>Range,-28.5,>Range
25/10/21 17:52:14,>Range,>Range,-29.4,>Range
25/10/21 17:52:15,>Range,>Range,-29,>Range
25/10/21 17:52:16,>Range,>Range,-29,>Range
25/10/21 17:52:17,>Range,>Range,-29.3,>Range
25/10/21 17:52:18,>Range,>Range,-29.1,>Range
25/10/21 17:52:19,>Range,>Range,-28.9,>Range
25/10/21 17:52:20,>Range,>Range,-28.4,>Range
25/10/21 17:52:21,>Range,>Range,-28.5,>Range
25/10/21 17:52:22,>Range,>Range,-28.3,>Range
25/10/21 17:52:23,>Range,>Range,-27.9,>Range
25/10/21 17:52:24,>Range,>Range,-27.9,>Range
25/10/21 17:52:25,>Range,>Range,-28.3,>Range
25/10/21 17:52:26,>Range,>Range,-28.3,>Range
25/10/21 17:52:27,>Range,>Range,-28.6,>Range
25/10/21 17:52:28,>Range,>Range,-28.8,>Range
25/10/21 17:52:29,>Range,>Range,-28.7,>Range
25/10/21 17:52:30,>Range,>Range,-28.8,>Range
25/10/21 17:52:31,>Range,>Range,-29.1,>Range
25/10/21 17:52:32,>Range,>Range,-28.9,>Range
25/10/21 17:52:33,>Range,>Range,-29.2,>Range
25/10/21 17:52:34,>Range,>Range,-29.2,>Range
25/10/21 17:52:35,>Range,>Range,-29.1,>Range
